Symbol,Date,Close
.DJI,2019-03-20,25745.67
.DJI,2019-03-21,25962.51
.DJI,2019-03-22,25502.32
.DJI,2019-03-25,25516.83
.DJI,2019-03-26,25657.73
.DJI,2019-03-27,25625.59
.DJI,2019-03-28,25717.46
.DJI,2019-03-29,25928.68
.DJI,2019-04-01,26258.42
.DJI,2019-04-02,26179.13
.DJI,2019-04-03,26218.13
.DJI,2019-04-04,26384.63
.DJI,2019-04-05,26424.99
.DJI,2019-04-08,26341.02
.DJI,2019-04-09,26150.58
.DJI,2019-04-10,26157.16
.DJI,2019-04-11,26143.05
.DJI,2019-04-12,26412.3
.DJI,2019-04-15,26384.77
.DJI,2019-04-16,26452.66
.DJI,2019-04-17,26449.54
.DJI,2019-04-22,26511.05
.DJI,2019-04-23,26656.39
.DJI,2019-04-24,26597.05
.DJI,2019-04-25,26462.08
.DJI,2019-04-26,26543.33
.DJI,2019-04-29,26554.39
.DJI,2019-04-30,26592.91
.DJI,2019-05-01,26430.14
.DJI,2019-05-02,26307.79
.DJI,2019-05-03,26504.95
.DJI,2019-05-06,26438.48
.DJI,2019-05-07,25965.09
.DJI,2019-05-08,25967.33
.DJI,2019-05-09,25828.36
.DJI,2019-05-10,25942.37
.DJI,2019-05-13,25324.99
.DJI,2019-05-14,25532.05
.DJI,2019-05-15,25648.02
.DJI,2019-05-16,25862.68
.DJI,2019-05-17,25764
.DJI,2019-05-20,25679.9
.DJI,2019-05-21,25877.33
.DJI,2019-05-22,25776.61
.DJI,2019-05-23,25490.47
.DJI,2019-05-28,25347.77
.DJI,2019-05-29,25126.41
.DJI,2019-05-30,25169.88
.DJI,2019-05-31,24815.04
.DJI,2019-06-03,24819.78
.DJI,2019-06-04,25332.18
.DJI,2019-06-05,25539.57
.DJI,2019-06-06,25720.66
.DJI,2019-06-07,25983.94
.DJI,2019-06-10,26062.68
.DJI,2019-06-11,26048.51
.DJI,2019-06-12,26004.83
.DJI,2019-06-13,26106.77
.DJI,2019-06-14,26089.61
.DJI,2019-06-17,26112.53
.DJI,2019-06-18,26465.54
.DJI,2019-06-19,26504
.DJI,2019-06-20,26753.17
.DJI,2019-06-21,26719.13
.DJI,2019-06-24,26727.54
.DJI,2019-06-25,26548.22
.DJI,2019-06-26,26536.82
.DJI,2019-06-27,26526.58
.DJI,2019-06-28,26599.96
.DJI,2019-07-01,26717.43
.DJI,2019-07-02,26786.68
.DJI,2019-07-05,26922.12
.DJI,2019-07-08,26806.14
.DJI,2019-07-09,26783.49
.DJI,2019-07-10,26860.2
.DJI,2019-07-11,27088.08
.DJI,2019-07-12,27332.03
.DJI,2019-07-15,27359.16
.DJI,2019-07-16,27335.63
.DJI,2019-07-17,27219.85
.DJI,2019-07-18,27222.97
.DJI,2019-07-19,27154.2
.DJI,2019-07-22,27171.9
.DJI,2019-07-23,27349.19
.DJI,2019-07-24,27269.97
.DJI,2019-07-25,27140.98
.DJI,2019-07-26,27192.45
.DJI,2019-07-29,27221.35
.DJI,2019-07-30,27198.02
.DJI,2019-07-31,26864.27
.DJI,2019-08-01,26583.42
.DJI,2019-08-02,26485.01
.DJI,2019-08-05,25717.74
.DJI,2019-08-06,26029.52
.DJI,2019-08-07,26007.07
.DJI,2019-08-08,26378.19
.DJI,2019-08-09,26287.44
.DJI,2019-08-12,25897.71
.DJI,2019-08-13,26279.91
.DJI,2019-08-14,25479.42
.DJI,2019-08-15,25579.39
.DJI,2019-08-16,25886.01
.DJI,2019-08-19,26135.79
.DJI,2019-08-20,25962.44
.DJI,2019-08-21,26202.73
.DJI,2019-08-22,26252.24
.DJI,2019-08-23,25628.9
.DJI,2019-08-26,25898.83
.DJI,2019-08-27,25777.9
.DJI,2019-08-28,26036.1
.DJI,2019-08-29,26362.25
.DJI,2019-09-03,26118.02
.DJI,2019-09-04,26355.47
.DJI,2019-09-05,26728.15
.DJI,2019-09-06,26797.46
.DJI,2019-09-09,26835.51
.DJI,2019-09-10,26909.43
.DJI,2019-09-11,27137.04
.DJI,2019-09-12,27182.45
.DJI,2019-09-13,27219.52
.DJI,2019-09-16,27076.82
.DJI,2019-09-17,27110.8
.DJI,2019-09-18,27147.08
.DJI,2019-09-19,27094.79
.DJI,2019-09-20,26935.07
.DJI,2019-09-23,26949.99
.DJI,2019-09-24,26807.77
.DJI,2019-09-25,26970.71
.DJI,2019-09-26,26891.12
.DJI,2019-09-27,26820.25
AAPL,2019-03-20,188.16
AAPL,2019-03-21,195.09
AAPL,2019-03-22,191.05
AAPL,2019-03-25,188.74
AAPL,2019-03-26,186.79
AAPL,2019-03-27,188.47
AAPL,2019-03-28,188.72
AAPL,2019-03-29,189.95
AAPL,2019-04-01,191.24
AAPL,2019-04-02,194.02
AAPL,2019-04-03,195.35
AAPL,2019-04-04,195.69
AAPL,2019-04-05,197
AAPL,2019-04-08,200.1
AAPL,2019-04-09,199.5
AAPL,2019-04-10,200.62
AAPL,2019-04-11,198.95
AAPL,2019-04-12,198.87
AAPL,2019-04-15,199.23
AAPL,2019-04-16,199.25
AAPL,2019-04-17,203.13
AAPL,2019-04-22,204.53
AAPL,2019-04-23,207.48
AAPL,2019-04-24,207.16
AAPL,2019-04-25,205.28
AAPL,2019-04-26,204.3
AAPL,2019-04-29,204.61
AAPL,2019-04-30,200.67
AAPL,2019-05-01,210.52
AAPL,2019-05-02,209.15
AAPL,2019-05-03,211.75
AAPL,2019-05-06,208.48
AAPL,2019-05-07,202.86
AAPL,2019-05-08,202.9
AAPL,2019-05-09,200.72
AAPL,2019-05-10,197.18
AAPL,2019-05-13,185.72
AAPL,2019-05-14,188.66
AAPL,2019-05-15,190.92
AAPL,2019-05-16,190.08
AAPL,2019-05-17,189
AAPL,2019-05-20,183.09
AAPL,2019-05-21,186.6
AAPL,2019-05-22,182.78
AAPL,2019-05-23,179.66
AAPL,2019-05-28,178.23
AAPL,2019-05-29,177.38
AAPL,2019-05-30,178.3
AAPL,2019-05-31,175.07
AAPL,2019-06-03,173.3
AAPL,2019-06-04,179.64
AAPL,2019-06-05,182.54
AAPL,2019-06-06,185.22
AAPL,2019-06-07,190.15
AAPL,2019-06-10,192.58
AAPL,2019-06-11,194.81
AAPL,2019-06-12,194.19
AAPL,2019-06-13,194.15
AAPL,2019-06-14,192.74
AAPL,2019-06-17,193.89
AAPL,2019-06-18,198.45
AAPL,2019-06-19,197.87
AAPL,2019-06-20,199.46
AAPL,2019-06-21,198.78
AAPL,2019-06-24,198.58
AAPL,2019-06-25,195.57
AAPL,2019-06-26,199.8
AAPL,2019-06-27,199.74
AAPL,2019-06-28,197.92
AAPL,2019-07-01,201.55
AAPL,2019-07-02,202.73
AAPL,2019-07-05,204.23
AAPL,2019-07-08,200.02
AAPL,2019-07-09,201.24
AAPL,2019-07-10,203.23
AAPL,2019-07-11,201.75
AAPL,2019-07-12,203.3
AAPL,2019-07-15,205.21
AAPL,2019-07-16,204.5
AAPL,2019-07-17,203.35
AAPL,2019-07-18,205.66
AAPL,2019-07-19,202.59
AAPL,2019-07-22,207.22
AAPL,2019-07-23,208.84
AAPL,2019-07-24,208.67
AAPL,2019-07-25,207.02
AAPL,2019-07-26,207.74
AAPL,2019-07-29,209.68
AAPL,2019-07-30,208.78
AAPL,2019-07-31,213.04
AAPL,2019-08-01,208.43
AAPL,2019-08-02,204.02
AAPL,2019-08-05,193.34
AAPL,2019-08-06,197
AAPL,2019-08-07,199.04
AAPL,2019-08-08,203.43
AAPL,2019-08-09,200.99
AAPL,2019-08-12,200.48
AAPL,2019-08-13,208.97
AAPL,2019-08-14,202.75
AAPL,2019-08-15,201.74
AAPL,2019-08-16,206.5
AAPL,2019-08-19,210.35
AAPL,2019-08-20,210.36
AAPL,2019-08-21,212.64
AAPL,2019-08-22,212.46
AAPL,2019-08-23,202.64
AAPL,2019-08-26,206.49
AAPL,2019-08-27,204.16
AAPL,2019-08-28,205.53
AAPL,2019-08-29,209.01
AAPL,2019-09-03,205.7
AAPL,2019-09-04,209.19
AAPL,2019-09-05,213.28
AAPL,2019-09-06,213.26
AAPL,2019-09-09,214.17
AAPL,2019-09-10,216.7
AAPL,2019-09-11,223.59
AAPL,2019-09-12,223.09
AAPL,2019-09-13,218.75
AAPL,2019-09-16,219.9
AAPL,2019-09-17,220.7
AAPL,2019-09-18,222.77
AAPL,2019-09-19,220.96
AAPL,2019-09-20,217.73
AAPL,2019-09-23,218.72
AAPL,2019-09-24,217.68
AAPL,2019-09-25,221.03
AAPL,2019-09-26,219.89
AAPL,2019-09-27,218.82
AXP,2019-03-20,110.77
AXP,2019-03-21,111.82
AXP,2019-03-22,109.46
AXP,2019-03-25,109.04
AXP,2019-03-26,109.5
AXP,2019-03-27,108.98
AXP,2019-03-28,109.16
AXP,2019-03-29,109.3
AXP,2019-04-01,111.7
AXP,2019-04-02,111
AXP,2019-04-03,110.56
AXP,2019-04-04,110.12
AXP,2019-04-05,110.96
AXP,2019-04-08,110.7
AXP,2019-04-09,109.85
AXP,2019-04-10,110.16
AXP,2019-04-11,109.85
AXP,2019-04-12,110.91
AXP,2019-04-15,110.53
AXP,2019-04-16,111.88
AXP,2019-04-17,111.76
AXP,2019-04-22,112.33
AXP,2019-04-23,113.97
AXP,2019-04-24,114.02
AXP,2019-04-25,115.88
AXP,2019-04-26,117.6
AXP,2019-04-29,116.76
AXP,2019-04-30,117.23
AXP,2019-05-01,117.02
AXP,2019-05-02,117.25
AXP,2019-05-03,119.35
AXP,2019-05-06,119.34
AXP,2019-05-07,118.22
AXP,2019-05-08,117.49
AXP,2019-05-09,117.26
AXP,2019-05-10,118.46
AXP,2019-05-13,115.9
AXP,2019-05-14,117.01
AXP,2019-05-15,117.66
AXP,2019-05-16,119.84
AXP,2019-05-17,119.07
AXP,2019-05-20,119.84
AXP,2019-05-21,120.55
AXP,2019-05-22,120.01
AXP,2019-05-23,118.43
AXP,2019-05-28,118.17
AXP,2019-05-29,117.01
AXP,2019-05-30,116.74
AXP,2019-05-31,114.71
AXP,2019-06-03,114.62
AXP,2019-06-04,116.85
AXP,2019-06-05,118.12
AXP,2019-06-06,119.43
AXP,2019-06-07,121.11
AXP,2019-06-10,122.66
AXP,2019-06-11,123.23
AXP,2019-06-12,122.03
AXP,2019-06-13,121.86
AXP,2019-06-14,122
AXP,2019-06-17,121.45
AXP,2019-06-18,123.43
AXP,2019-06-19,124.68
AXP,2019-06-20,124.92
AXP,2019-06-21,124.73
AXP,2019-06-24,124.14
AXP,2019-06-25,123.16
AXP,2019-06-26,123.59
AXP,2019-06-27,123.94
AXP,2019-06-28,123.44
AXP,2019-07-01,124.92
AXP,2019-07-02,125.1
AXP,2019-07-05,125.4
AXP,2019-07-08,124.85
AXP,2019-07-09,125.9
AXP,2019-07-10,126.89
AXP,2019-07-11,127.28
AXP,2019-07-12,127.96
AXP,2019-07-15,128.57
AXP,2019-07-16,128.06
AXP,2019-07-17,127.08
AXP,2019-07-18,128.4
AXP,2019-07-19,124.82
AXP,2019-07-22,126
AXP,2019-07-23,128.2
AXP,2019-07-24,127.95
AXP,2019-07-25,127.15
AXP,2019-07-26,126.78
AXP,2019-07-29,127.19
AXP,2019-07-30,126.47
AXP,2019-07-31,124.37
AXP,2019-08-01,124.09
AXP,2019-08-02,124.31
AXP,2019-08-05,120.72
AXP,2019-08-06,122.55
AXP,2019-08-07,123.54
AXP,2019-08-08,125.29
AXP,2019-08-09,126.17
AXP,2019-08-12,123.95
AXP,2019-08-13,126.32
AXP,2019-08-14,122.65
AXP,2019-08-15,122.38
AXP,2019-08-16,124.63
AXP,2019-08-19,124.4
AXP,2019-08-20,121.42
AXP,2019-08-21,122.5
AXP,2019-08-22,122.27
AXP,2019-08-23,117.76
AXP,2019-08-26,118.53
AXP,2019-08-27,117.75
AXP,2019-08-28,119.09
AXP,2019-08-29,120.74
AXP,2019-09-03,117.6
AXP,2019-09-04,118.4
AXP,2019-09-05,120.67
AXP,2019-09-06,120.19
AXP,2019-09-09,119.92
AXP,2019-09-10,117.31
AXP,2019-09-11,118
AXP,2019-09-12,119.02
AXP,2019-09-13,119.2
AXP,2019-09-16,117.64
AXP,2019-09-17,119.05
AXP,2019-09-18,118.74
AXP,2019-09-19,117.79
AXP,2019-09-20,116.8
AXP,2019-09-23,118.24
AXP,2019-09-24,118.17
AXP,2019-09-25,119.12
AXP,2019-09-26,118.91
AXP,2019-09-27,118.59
BA,2019-03-20,376.16
BA,2019-03-21,372.7
BA,2019-03-22,362.17
BA,2019-03-25,370.46
BA,2019-03-26,370.38
BA,2019-03-27,374.21
BA,2019-03-28,374.44
BA,2019-03-29,381.42
BA,2019-04-01,391.54
BA,2019-04-02,390.75
BA,2019-04-03,384.74
BA,2019-04-04,395.86
BA,2019-04-05,391.93
BA,2019-04-08,374.52
BA,2019-04-09,369.04
BA,2019-04-10,364.94
BA,2019-04-11,370.16
BA,2019-04-12,379.64
BA,2019-04-15,375.46
BA,2019-04-16,381.72
BA,2019-04-17,377.52
BA,2019-04-22,375.17
BA,2019-04-23,374.02
BA,2019-04-24,375.46
BA,2019-04-25,382.8
BA,2019-04-26,380.79
BA,2019-04-29,379.05
BA,2019-04-30,377.69
BA,2019-05-01,376.8
BA,2019-05-02,375.8
BA,2019-05-03,376.46
BA,2019-05-06,371.6
BA,2019-05-07,357.23
BA,2019-05-08,359.75
BA,2019-05-09,354.13
BA,2019-05-10,354.67
BA,2019-05-13,337.37
BA,2019-05-14,343.04
BA,2019-05-15,345.64
BA,2019-05-16,353.81
BA,2019-05-17,355.02
BA,2019-05-20,352.79
BA,2019-05-21,358.75
BA,2019-05-22,352.78
BA,2019-05-23,350.55
BA,2019-05-28,354.88
BA,2019-05-29,348.8
BA,2019-05-30,349.87
BA,2019-05-31,341.61
BA,2019-06-03,338.89
BA,2019-06-04,344.62
BA,2019-06-05,348.75
BA,2019-06-06,350.64
BA,2019-06-07,353.7
BA,2019-06-10,353.8
BA,2019-06-11,349.33
BA,2019-06-12,347.03
BA,2019-06-13,348.86
BA,2019-06-14,347.16
BA,2019-06-17,354.9
BA,2019-06-18,373.96
BA,2019-06-19,368.56
BA,2019-06-20,374.88
BA,2019-06-21,371.84
BA,2019-06-24,373.99
BA,2019-06-25,369.32
BA,2019-06-26,374.94
BA,2019-06-27,364.02
BA,2019-06-28,364.01
BA,2019-07-01,356.46
BA,2019-07-02,354.16
BA,2019-07-05,355.86
BA,2019-07-08,351.12
BA,2019-07-09,353.09
BA,2019-07-10,352.3
BA,2019-07-11,359
BA,2019-07-12,365.33
BA,2019-07-15,361.61
BA,2019-07-16,362.75
BA,2019-07-17,369.52
BA,2019-07-18,361.11
BA,2019-07-19,377.36
BA,2019-07-22,373.42
BA,2019-07-23,373.07
BA,2019-07-24,361.43
BA,2019-07-25,348.09
BA,2019-07-26,345
BA,2019-07-29,340.21
BA,2019-07-30,347.46
BA,2019-07-31,341.18
BA,2019-08-01,334.29
BA,2019-08-02,339.56
BA,2019-08-05,331.06
BA,2019-08-06,332.45
BA,2019-08-07,331.38
BA,2019-08-08,336.35
BA,2019-08-09,337.55
BA,2019-08-12,332.94
BA,2019-08-13,332.86
BA,2019-08-14,320.42
BA,2019-08-15,328
BA,2019-08-16,330.45
BA,2019-08-19,333.78
BA,2019-08-20,331.75
BA,2019-08-21,339.99
BA,2019-08-22,354.41
BA,2019-08-23,356.01
BA,2019-08-26,359.04
BA,2019-08-27,354.73
BA,2019-08-28,359.97
BA,2019-08-29,362.74
BA,2019-09-03,354.42
BA,2019-09-04,356.53
BA,2019-09-05,360.3
BA,2019-09-06,363
BA,2019-09-09,358.78
BA,2019-09-10,369.49
BA,2019-09-11,382.94
BA,2019-09-12,375.63
BA,2019-09-13,379.76
BA,2019-09-16,378.85
BA,2019-09-17,384.2
BA,2019-09-18,386.41
BA,2019-09-19,384.44
BA,2019-09-20,379.39
BA,2019-09-23,377.03
BA,2019-09-24,381.65
BA,2019-09-25,386.2
BA,2019-09-26,386.89
BA,2019-09-27,382.86
CAT,2019-03-20,133.01
CAT,2019-03-21,134.06
CAT,2019-03-22,129.77
CAT,2019-03-25,131.38
CAT,2019-03-26,131.84
CAT,2019-03-27,131.2
CAT,2019-03-28,132.37
CAT,2019-03-29,135.49
CAT,2019-04-01,140.25
CAT,2019-04-02,140.19
CAT,2019-04-03,139.26
CAT,2019-04-04,140.13
CAT,2019-04-05,140.36
CAT,2019-04-08,139.82
CAT,2019-04-09,136.35
CAT,2019-04-10,137.53
CAT,2019-04-11,138.87
CAT,2019-04-12,141.2
CAT,2019-04-15,140.25
CAT,2019-04-16,142.03
CAT,2019-04-17,142.74
CAT,2019-04-22,142.38
CAT,2019-04-23,142.03
CAT,2019-04-24,137.73
CAT,2019-04-25,136.13
CAT,2019-04-26,139.03
CAT,2019-04-29,139.02
CAT,2019-04-30,139.42
CAT,2019-05-01,138.15
CAT,2019-05-02,135.17
CAT,2019-05-03,139.06
CAT,2019-05-06,136.76
CAT,2019-05-07,133.67
CAT,2019-05-08,131.95
CAT,2019-05-09,131.2
CAT,2019-05-10,131.34
CAT,2019-05-13,125.3
CAT,2019-05-14,127.47
CAT,2019-05-15,127.3
CAT,2019-05-16,126.61
CAT,2019-05-17,122.76
CAT,2019-05-20,122.43
CAT,2019-05-21,124.95
CAT,2019-05-22,123.56
CAT,2019-05-23,122.26
CAT,2019-05-28,121.59
CAT,2019-05-29,121.48
CAT,2019-05-30,121.84
CAT,2019-05-31,119.81
CAT,2019-06-03,120.65
CAT,2019-06-04,122.08
CAT,2019-06-05,123.12
CAT,2019-06-06,123.39
CAT,2019-06-07,124.46
CAT,2019-06-10,125.74
CAT,2019-06-11,127.28
CAT,2019-06-12,127.1
CAT,2019-06-13,127.17
CAT,2019-06-14,127.23
CAT,2019-06-17,127.32
CAT,2019-06-18,130.33
CAT,2019-06-19,130.61
CAT,2019-06-20,133.63
CAT,2019-06-21,133.89
CAT,2019-06-24,134.37
CAT,2019-06-25,133.71
CAT,2019-06-26,135.15
CAT,2019-06-27,135.5
CAT,2019-06-28,136.29
CAT,2019-07-01,136.6
CAT,2019-07-02,135.85
CAT,2019-07-05,135.49
CAT,2019-07-08,134.84
CAT,2019-07-09,134.29
CAT,2019-07-10,132.64
CAT,2019-07-11,133.96
CAT,2019-07-12,138.36
CAT,2019-07-15,139.64
CAT,2019-07-16,139.09
CAT,2019-07-17,135.73
CAT,2019-07-18,134.89
CAT,2019-07-19,136.23
CAT,2019-07-22,135.24
CAT,2019-07-23,138.1
CAT,2019-07-24,131.91
CAT,2019-07-25,134.71
CAT,2019-07-26,132.92
CAT,2019-07-29,134.46
CAT,2019-07-30,132.95
CAT,2019-07-31,131.67
CAT,2019-08-01,126.79
CAT,2019-08-02,124.54
CAT,2019-08-05,121.65
CAT,2019-08-06,122.08
CAT,2019-08-07,120.78
CAT,2019-08-08,122.02
CAT,2019-08-09,119.38
CAT,2019-08-12,116.72
CAT,2019-08-13,119.01
CAT,2019-08-14,115.21
CAT,2019-08-15,115.25
CAT,2019-08-16,116.43
CAT,2019-08-19,117.36
CAT,2019-08-20,116.67
CAT,2019-08-21,117.68
CAT,2019-08-22,117.89
CAT,2019-08-23,114.06
CAT,2019-08-26,114.42
CAT,2019-08-27,113.38
CAT,2019-08-28,114.86
CAT,2019-08-29,117.77
CAT,2019-09-03,117.03
CAT,2019-09-04,119.1
CAT,2019-09-05,122.99
CAT,2019-09-06,122.7
CAT,2019-09-09,127.25
CAT,2019-09-10,130.29
CAT,2019-09-11,133.09
CAT,2019-09-12,131.75
CAT,2019-09-13,133.78
CAT,2019-09-16,133.15
CAT,2019-09-17,132.17
CAT,2019-09-18,131.07
CAT,2019-09-19,130.12
CAT,2019-09-20,128.16
CAT,2019-09-23,128.42
CAT,2019-09-24,125.99
CAT,2019-09-25,126.61
CAT,2019-09-26,126.39
CAT,2019-09-27,126.59
CSCO,2019-03-20,53.26
CSCO,2019-03-21,53.94
CSCO,2019-03-22,52.74
CSCO,2019-03-25,52.73
CSCO,2019-03-26,53.23
CSCO,2019-03-27,53.14
CSCO,2019-03-28,53.36
CSCO,2019-03-29,53.99
CSCO,2019-04-01,54.98
CSCO,2019-04-02,55.29
CSCO,2019-04-03,55.63
CSCO,2019-04-04,55.14
CSCO,2019-04-05,55.21
CSCO,2019-04-08,55.49
CSCO,2019-04-09,55.18
CSCO,2019-04-10,55.82
CSCO,2019-04-11,55.6
CSCO,2019-04-12,56.29
CSCO,2019-04-15,56.56
CSCO,2019-04-16,56.95
CSCO,2019-04-17,56.31
CSCO,2019-04-22,56.34
CSCO,2019-04-23,56.69
CSCO,2019-04-24,56.88
CSCO,2019-04-25,56.33
CSCO,2019-04-26,55.88
CSCO,2019-04-29,56.13
CSCO,2019-04-30,55.95
CSCO,2019-05-01,55.58
CSCO,2019-05-02,54.94
CSCO,2019-05-03,54.94
CSCO,2019-05-06,54.59
CSCO,2019-05-07,53.45
CSCO,2019-05-08,53.47
CSCO,2019-05-09,52.92
CSCO,2019-05-10,53.36
CSCO,2019-05-13,51.3
CSCO,2019-05-14,52.02
CSCO,2019-05-15,52.44
CSCO,2019-05-16,55.93
CSCO,2019-05-17,56.35
CSCO,2019-05-20,56.01
CSCO,2019-05-21,56.52
CSCO,2019-05-22,55.69
CSCO,2019-05-23,54.19
CSCO,2019-05-28,53.93
CSCO,2019-05-29,53.18
CSCO,2019-05-30,53.57
CSCO,2019-05-31,52.03
CSCO,2019-06-03,51.78
CSCO,2019-06-04,53.23
CSCO,2019-06-05,54.75
CSCO,2019-06-06,55.1
CSCO,2019-06-07,55.93
CSCO,2019-06-10,56.42
CSCO,2019-06-11,57.11
CSCO,2019-06-12,55.86
CSCO,2019-06-13,56.17
CSCO,2019-06-14,54.75
CSCO,2019-06-17,55.4
CSCO,2019-06-18,56.05
CSCO,2019-06-19,56.13
CSCO,2019-06-20,57.41
CSCO,2019-06-21,57.03
CSCO,2019-06-24,57.18
CSCO,2019-06-25,56.08
CSCO,2019-06-26,56.6
CSCO,2019-06-27,55.73
CSCO,2019-06-28,54.73
CSCO,2019-07-01,54.74
CSCO,2019-07-02,55.81
CSCO,2019-07-05,56.6
CSCO,2019-07-08,56.19
CSCO,2019-07-09,56.34
CSCO,2019-07-10,57.13
CSCO,2019-07-11,57.3
CSCO,2019-07-12,57.95
CSCO,2019-07-15,58.05
CSCO,2019-07-16,57.62
CSCO,2019-07-17,57.21
CSCO,2019-07-18,57.74
CSCO,2019-07-19,57.36
CSCO,2019-07-22,57.73
CSCO,2019-07-23,57.71
CSCO,2019-07-24,57.23
CSCO,2019-07-25,56.62
CSCO,2019-07-26,56.53
CSCO,2019-07-29,56.93
CSCO,2019-07-30,56.47
CSCO,2019-07-31,55.4
CSCO,2019-08-01,55.39
CSCO,2019-08-02,53.25
CSCO,2019-08-05,51.37
CSCO,2019-08-06,52.6
CSCO,2019-08-07,52.34
CSCO,2019-08-08,53.16
CSCO,2019-08-09,52.43
CSCO,2019-08-12,51.54
CSCO,2019-08-13,52.72
CSCO,2019-08-14,50.61
CSCO,2019-08-15,46.25
CSCO,2019-08-16,46.96
CSCO,2019-08-19,48.5
CSCO,2019-08-20,47.93
CSCO,2019-08-21,48.77
CSCO,2019-08-22,48.18
CSCO,2019-08-23,46.61
CSCO,2019-08-26,47.1
CSCO,2019-08-27,46.79
CSCO,2019-08-28,46.87
CSCO,2019-08-29,47.27
CSCO,2019-09-03,46.5
CSCO,2019-09-04,47.32
CSCO,2019-09-05,48.42
CSCO,2019-09-06,48.84
CSCO,2019-09-09,48.58
CSCO,2019-09-10,49.21
CSCO,2019-09-11,50.03
CSCO,2019-09-12,49.93
CSCO,2019-09-13,50.03
CSCO,2019-09-16,49.96
CSCO,2019-09-17,49.41
CSCO,2019-09-18,49.34
CSCO,2019-09-19,49.19
CSCO,2019-09-20,49.6
CSCO,2019-09-23,49.42
CSCO,2019-09-24,49.12
CSCO,2019-09-25,49.61
CSCO,2019-09-26,48.83
CSCO,2019-09-27,48.84
CVX,2019-03-20,124.69
CVX,2019-03-21,125.86
CVX,2019-03-22,123.09
CVX,2019-03-25,122.89
CVX,2019-03-26,124.13
CVX,2019-03-27,122.79
CVX,2019-03-28,123.02
CVX,2019-03-29,123.18
CVX,2019-04-01,124.94
CVX,2019-04-02,124.93
CVX,2019-04-03,123.89
CVX,2019-04-04,124.8
CVX,2019-04-05,126.42
CVX,2019-04-08,126.68
CVX,2019-04-09,125.54
CVX,2019-04-10,125.49
CVX,2019-04-11,125.99
CVX,2019-04-12,119.76
CVX,2019-04-15,120.14
CVX,2019-04-16,121.17
CVX,2019-04-17,120.27
CVX,2019-04-22,121.9
CVX,2019-04-23,122.02
CVX,2019-04-24,118.28
CVX,2019-04-25,117.9
CVX,2019-04-26,117.1
CVX,2019-04-29,117.72
CVX,2019-04-30,120.06
CVX,2019-05-01,117.81
CVX,2019-05-02,116.38
CVX,2019-05-03,117.27
CVX,2019-05-06,118.4
CVX,2019-05-07,118.27
CVX,2019-05-08,117.5
CVX,2019-05-09,121.19
CVX,2019-05-10,121.99
CVX,2019-05-13,120.44
CVX,2019-05-14,121.64
CVX,2019-05-15,122.14
CVX,2019-05-16,120.8
CVX,2019-05-17,120.52
CVX,2019-05-20,120.84
CVX,2019-05-21,121.34
CVX,2019-05-22,120.57
CVX,2019-05-23,117.87
CVX,2019-05-28,118.31
CVX,2019-05-29,116.77
CVX,2019-05-30,115.38
CVX,2019-05-31,113.85
CVX,2019-06-03,115.99
CVX,2019-06-04,117.3
CVX,2019-06-05,117.65
CVX,2019-06-06,120.68
CVX,2019-06-07,121.48
CVX,2019-06-10,122.29
CVX,2019-06-11,121.17
CVX,2019-06-12,120.19
CVX,2019-06-13,120.91
CVX,2019-06-14,120.81
CVX,2019-06-17,121.39
CVX,2019-06-18,122.93
CVX,2019-06-19,122.89
CVX,2019-06-20,124.28
CVX,2019-06-21,124.93
CVX,2019-06-24,124.91
CVX,2019-06-25,123.64
CVX,2019-06-26,123.93
CVX,2019-06-27,123.11
CVX,2019-06-28,124.44
CVX,2019-07-01,124.84
CVX,2019-07-02,122.93
CVX,2019-07-05,123.54
CVX,2019-07-08,123.6
CVX,2019-07-09,123.35
CVX,2019-07-10,125.44
CVX,2019-07-11,125.43
CVX,2019-07-12,125.98
CVX,2019-07-15,125.72
CVX,2019-07-16,124.76
CVX,2019-07-17,124.14
CVX,2019-07-18,124.68
CVX,2019-07-19,125.04
CVX,2019-07-22,125.31
CVX,2019-07-23,125.82
CVX,2019-07-24,126.54
CVX,2019-07-25,125.63
CVX,2019-07-26,123.72
CVX,2019-07-29,124.23
CVX,2019-07-30,124.34
CVX,2019-07-31,123.11
CVX,2019-08-01,120.74
CVX,2019-08-02,120.73
CVX,2019-08-05,118.74
CVX,2019-08-06,119.38
CVX,2019-08-07,119.1
CVX,2019-08-08,123.23
CVX,2019-08-09,122.42
CVX,2019-08-12,121.55
CVX,2019-08-13,122.39
CVX,2019-08-14,117.74
CVX,2019-08-15,116.95
CVX,2019-08-16,115.81
CVX,2019-08-19,117.31
CVX,2019-08-20,116.13
CVX,2019-08-21,117.88
CVX,2019-08-22,117.73
CVX,2019-08-23,115.18
CVX,2019-08-26,115.74
CVX,2019-08-27,115.83
CVX,2019-08-28,116.83
CVX,2019-08-29,117.52
CVX,2019-09-03,116.27
CVX,2019-09-04,117.25
CVX,2019-09-05,117.64
CVX,2019-09-06,118.26
CVX,2019-09-09,119.39
CVX,2019-09-10,121.85
CVX,2019-09-11,121.28
CVX,2019-09-12,121.42
CVX,2019-09-13,121.5
CVX,2019-09-16,124.12
CVX,2019-09-17,123.89
CVX,2019-09-18,124.18
CVX,2019-09-19,123.66
CVX,2019-09-20,124.32
CVX,2019-09-23,124.9
CVX,2019-09-24,123.74
CVX,2019-09-25,123.51
CVX,2019-09-26,120.16
CVX,2019-09-27,118.6
DIS,2019-03-20,109.99
DIS,2019-03-21,108.66
DIS,2019-03-22,108.23
DIS,2019-03-25,107.79
DIS,2019-03-26,110.14
DIS,2019-03-27,110.28
DIS,2019-03-28,110.71
DIS,2019-03-29,111.03
DIS,2019-04-01,112.51
DIS,2019-04-02,111.96
DIS,2019-04-03,112.52
DIS,2019-04-04,114.75
DIS,2019-04-05,115
DIS,2019-04-08,114.96
DIS,2019-04-09,116.86
DIS,2019-04-10,117.16
DIS,2019-04-11,116.6
DIS,2019-04-12,130.06
DIS,2019-04-15,132.04
DIS,2019-04-16,129.9
DIS,2019-04-17,131.75
DIS,2019-04-22,131.68
DIS,2019-04-23,133.36
DIS,2019-04-24,135.1
DIS,2019-04-25,137.24
DIS,2019-04-26,139.92
DIS,2019-04-29,139.3
DIS,2019-04-30,136.97
DIS,2019-05-01,136.38
DIS,2019-05-02,134.14
DIS,2019-05-03,134.33
DIS,2019-05-06,135
DIS,2019-05-07,133.44
DIS,2019-05-08,134.99
DIS,2019-05-09,133.59
DIS,2019-05-10,134.04
DIS,2019-05-13,131.34
DIS,2019-05-14,133.2
DIS,2019-05-15,134.68
DIS,2019-05-16,135.5
DIS,2019-05-17,135.04
DIS,2019-05-20,133.91
DIS,2019-05-21,134.09
DIS,2019-05-22,133.85
DIS,2019-05-23,132.73
DIS,2019-05-28,132.62
DIS,2019-05-29,131.57
DIS,2019-05-30,132.2
DIS,2019-05-31,132.04
DIS,2019-06-03,132.47
DIS,2019-06-04,134.82
DIS,2019-06-05,135.94
DIS,2019-06-06,137.21
DIS,2019-06-07,138.04
DIS,2019-06-10,137.07
DIS,2019-06-11,135.08
DIS,2019-06-12,135.72
DIS,2019-06-13,141.74
DIS,2019-06-14,141.65
DIS,2019-06-17,140.97
DIS,2019-06-18,139.24
DIS,2019-06-19,140.92
DIS,2019-06-20,142.02
DIS,2019-06-21,140.23
DIS,2019-06-24,139.22
DIS,2019-06-25,139.94
DIS,2019-06-26,140.4
DIS,2019-06-27,139.3
DIS,2019-06-28,139.64
DIS,2019-07-01,141.65
DIS,2019-07-02,142.53
DIS,2019-07-05,142.45
DIS,2019-07-08,141.02
DIS,2019-07-09,141.61
DIS,2019-07-10,143.54
DIS,2019-07-11,143.56
DIS,2019-07-12,144.88
DIS,2019-07-15,145.06
DIS,2019-07-16,144.3
DIS,2019-07-17,142.57
DIS,2019-07-18,141.63
DIS,2019-07-19,139.85
DIS,2019-07-22,140.84
DIS,2019-07-23,141.26
DIS,2019-07-24,141.29
DIS,2019-07-25,143.21
DIS,2019-07-26,144.65
DIS,2019-07-29,146.39
DIS,2019-07-30,144.93
DIS,2019-07-31,143.01
DIS,2019-08-01,141.85
DIS,2019-08-02,141.71
DIS,2019-08-05,138.3
DIS,2019-08-06,141.87
DIS,2019-08-07,134.86
DIS,2019-08-08,137.89
DIS,2019-08-09,138.52
DIS,2019-08-12,135.75
DIS,2019-08-13,137.01
DIS,2019-08-14,132.85
DIS,2019-08-15,133.41
DIS,2019-08-16,135.2
DIS,2019-08-19,135.29
DIS,2019-08-20,135.13
DIS,2019-08-21,135.76
DIS,2019-08-22,136.08
DIS,2019-08-23,131.67
DIS,2019-08-26,134.61
DIS,2019-08-27,134.49
DIS,2019-08-28,136.55
DIS,2019-08-29,137.84
DIS,2019-09-03,136.31
DIS,2019-09-04,137.89
DIS,2019-09-05,138.84
DIS,2019-09-06,139.55
DIS,2019-09-09,138.83
DIS,2019-09-10,135.79
DIS,2019-09-11,136.19
DIS,2019-09-12,137.5
DIS,2019-09-13,138.02
DIS,2019-09-16,135.8
DIS,2019-09-17,136.31
DIS,2019-09-18,136.8
DIS,2019-09-19,133.3
DIS,2019-09-20,132.27
DIS,2019-09-23,132.46
DIS,2019-09-24,131.97
DIS,2019-09-25,133.09
DIS,2019-09-26,131.27
DIS,2019-09-27,129.96
DOW,2019-03-20,49.8
DOW,2019-03-21,48.98
DOW,2019-03-22,48.6
DOW,2019-03-25,49.15
DOW,2019-03-26,48.85
DOW,2019-03-27,50.1
DOW,2019-03-28,50.85
DOW,2019-03-29,51.63
DOW,2019-04-01,53.5
DOW,2019-04-02,56.25
DOW,2019-04-03,56.88
DOW,2019-04-04,59.71
DOW,2019-04-05,57.24
DOW,2019-04-08,57.15
DOW,2019-04-09,56.27
DOW,2019-04-10,55.71
DOW,2019-04-11,54.89
DOW,2019-04-12,58.3
DOW,2019-04-15,57.78
DOW,2019-04-16,58.5
DOW,2019-04-17,58.32
DOW,2019-04-22,57.89
DOW,2019-04-23,57.64
DOW,2019-04-24,55.98
DOW,2019-04-25,55.33
DOW,2019-04-26,55.25
DOW,2019-04-29,55.5
DOW,2019-04-30,56.73
DOW,2019-05-01,56.13
DOW,2019-05-02,52.7
DOW,2019-05-03,53.3
DOW,2019-05-06,53.46
DOW,2019-05-07,52.95
DOW,2019-05-08,52.48
DOW,2019-05-09,52.93
DOW,2019-05-10,53.07
DOW,2019-05-13,50.95
DOW,2019-05-14,52.48
DOW,2019-05-15,52.95
DOW,2019-05-16,52.98
DOW,2019-05-17,50.8
DOW,2019-05-20,50.08
DOW,2019-05-21,50.63
DOW,2019-05-22,50.21
DOW,2019-05-23,48.71
DOW,2019-05-28,48.56
DOW,2019-05-29,48.71
DOW,2019-05-30,48.47
DOW,2019-05-31,46.76
DOW,2019-06-03,47.96
DOW,2019-06-04,49.93
DOW,2019-06-05,50.34
DOW,2019-06-06,51.06
DOW,2019-06-07,51.3
DOW,2019-06-10,51.62
DOW,2019-06-11,52.04
DOW,2019-06-12,52.49
DOW,2019-06-13,52.88
DOW,2019-06-14,51.15
DOW,2019-06-17,49.35
DOW,2019-06-18,49.61
DOW,2019-06-19,48.5
DOW,2019-06-20,48.93
DOW,2019-06-21,48.36
DOW,2019-06-24,49.58
DOW,2019-06-25,49.69
DOW,2019-06-26,50.45
DOW,2019-06-27,50.91
DOW,2019-06-28,49.31
DOW,2019-07-01,50.16
DOW,2019-07-02,49.4
DOW,2019-07-05,49.31
DOW,2019-07-08,48.52
DOW,2019-07-09,47.87
DOW,2019-07-10,47.55
DOW,2019-07-11,47.78
DOW,2019-07-12,49.71
DOW,2019-07-15,50.93
DOW,2019-07-16,52.32
DOW,2019-07-17,51.6
DOW,2019-07-18,51.75
DOW,2019-07-19,51.52
DOW,2019-07-22,50.88
DOW,2019-07-23,52.62
DOW,2019-07-24,52.79
DOW,2019-07-25,50.77
DOW,2019-07-26,49.11
DOW,2019-07-29,48.05
DOW,2019-07-30,48.4
DOW,2019-07-31,48.44
DOW,2019-08-01,46.85
DOW,2019-08-02,45.6
DOW,2019-08-05,44.77
DOW,2019-08-06,44.43
DOW,2019-08-07,44.89
DOW,2019-08-08,46.79
DOW,2019-08-09,46.64
DOW,2019-08-12,45.69
DOW,2019-08-13,46.85
DOW,2019-08-14,44.08
DOW,2019-08-15,43.38
DOW,2019-08-16,44.51
DOW,2019-08-19,45.6
DOW,2019-08-20,43.16
DOW,2019-08-21,43.28
DOW,2019-08-22,42.05
DOW,2019-08-23,40.71
DOW,2019-08-26,40.82
DOW,2019-08-27,41.17
DOW,2019-08-28,42.52
DOW,2019-08-29,42.37
DOW,2019-09-03,41.8
DOW,2019-09-04,42.54
DOW,2019-09-05,43.36
DOW,2019-09-06,43.24
DOW,2019-09-09,44.45
DOW,2019-09-10,46.32
DOW,2019-09-11,46.88
DOW,2019-09-12,46.97
DOW,2019-09-13,48.2
DOW,2019-09-16,49.01
DOW,2019-09-17,48
DOW,2019-09-18,47.51
DOW,2019-09-19,47.64
DOW,2019-09-20,48.21
DOW,2019-09-23,47.91
DOW,2019-09-24,46.6
DOW,2019-09-25,47.68
DOW,2019-09-26,47.23
DOW,2019-09-27,47.07
GS,2019-03-20,194.32
GS,2019-03-21,194.58
GS,2019-03-22,188.96
GS,2019-03-25,188.51
GS,2019-03-26,190.69
GS,2019-03-27,190.03
GS,2019-03-28,191.18
GS,2019-03-29,191.99
GS,2019-04-01,196.74
GS,2019-04-02,197.5
GS,2019-04-03,200.86
GS,2019-04-04,202.23
GS,2019-04-05,202.38
GS,2019-04-08,202.54
GS,2019-04-09,200.62
GS,2019-04-10,202.98
GS,2019-04-11,202.83
GS,2019-04-12,207.84
GS,2019-04-15,199.91
GS,2019-04-16,201.84
GS,2019-04-17,207.9
GS,2019-04-22,204.6
GS,2019-04-23,204.14
GS,2019-04-24,200.54
GS,2019-04-25,201.4
GS,2019-04-26,203.08
GS,2019-04-29,206.92
GS,2019-04-30,205.92
GS,2019-05-01,204.73
GS,2019-05-02,204.99
GS,2019-05-03,207.52
GS,2019-05-06,206.43
GS,2019-05-07,202.63
GS,2019-05-08,200.95
GS,2019-05-09,201.63
GS,2019-05-10,202.05
GS,2019-05-13,194.97
GS,2019-05-14,196.28
GS,2019-05-15,196.4
GS,2019-05-16,199.14
GS,2019-05-17,197.43
GS,2019-05-20,197.24
GS,2019-05-21,199.11
GS,2019-05-22,195.52
GS,2019-05-23,191.97
GS,2019-05-28,189.44
GS,2019-05-29,188.05
GS,2019-05-30,187.37
GS,2019-05-31,182.49
GS,2019-06-03,183.19
GS,2019-06-04,189.88
GS,2019-06-05,188.44
GS,2019-06-06,189.81
GS,2019-06-07,189.81
GS,2019-06-10,194.12
GS,2019-06-11,194.73
GS,2019-06-12,190.22
GS,2019-06-13,191.45
GS,2019-06-14,191.66
GS,2019-06-17,190.83
GS,2019-06-18,194.98
GS,2019-06-19,195.64
GS,2019-06-20,195.7
GS,2019-06-21,195.94
GS,2019-06-24,197.49
GS,2019-06-25,196.06
GS,2019-06-26,197.01
GS,2019-06-27,199.32
GS,2019-06-28,204.6
GS,2019-07-01,206.86
GS,2019-07-02,205.98
GS,2019-07-05,207.9
GS,2019-07-08,205.75
GS,2019-07-09,207.77
GS,2019-07-10,205.97
GS,2019-07-11,211.35
GS,2019-07-12,213.94
GS,2019-07-15,211.58
GS,2019-07-16,215.52
GS,2019-07-17,213.3
GS,2019-07-18,214.52
GS,2019-07-19,213.52
GS,2019-07-22,214
GS,2019-07-23,219.43
GS,2019-07-24,222.03
GS,2019-07-25,219.98
GS,2019-07-26,222.14
GS,2019-07-29,220.32
GS,2019-07-30,221.4
GS,2019-07-31,220.13
GS,2019-08-01,211.6
GS,2019-08-02,209.37
GS,2019-08-05,201.68
GS,2019-08-06,206.01
GS,2019-08-07,205.74
GS,2019-08-08,207
GS,2019-08-09,206.9
GS,2019-08-12,201.52
GS,2019-08-13,204.11
GS,2019-08-14,195.56
GS,2019-08-15,196.18
GS,2019-08-16,199.42
GS,2019-08-19,202.2
GS,2019-08-20,199.98
GS,2019-08-21,200.68
GS,2019-08-22,202.42
GS,2019-08-23,196.2
GS,2019-08-26,199.65
GS,2019-08-27,198.07
GS,2019-08-28,200.42
GS,2019-08-29,203.44
GS,2019-09-03,198.97
GS,2019-09-04,201.73
GS,2019-09-05,207.05
GS,2019-09-06,207.21
GS,2019-09-09,211.98
GS,2019-09-10,215.63
GS,2019-09-11,216.8
GS,2019-09-12,218.74
GS,2019-09-13,219.9
GS,2019-09-16,217.22
GS,2019-09-17,215.91
GS,2019-09-18,217.08
GS,2019-09-19,215.23
GS,2019-09-20,213.74
GS,2019-09-23,213.46
GS,2019-09-24,207.75
GS,2019-09-25,210.03
GS,2019-09-26,208.22
GS,2019-09-27,208.97
HD,2019-03-20,186.1
HD,2019-03-21,189.97
HD,2019-03-22,188.75
HD,2019-03-25,189.68
HD,2019-03-26,189.34
HD,2019-03-27,189.25
HD,2019-03-28,190.06
HD,2019-03-29,191.89
HD,2019-04-01,195.64
HD,2019-04-02,194.31
HD,2019-04-03,198.61
HD,2019-04-04,200.45
HD,2019-04-05,202.06
HD,2019-04-08,203.55
HD,2019-04-09,200.9
HD,2019-04-10,199.43
HD,2019-04-11,201.48
HD,2019-04-12,203.85
HD,2019-04-15,204.86
HD,2019-04-16,204.47
HD,2019-04-17,206.55
HD,2019-04-22,204.78
HD,2019-04-23,206.05
HD,2019-04-24,206.72
HD,2019-04-25,206.5
HD,2019-04-26,203.61
HD,2019-04-29,202.16
HD,2019-04-30,203.7
HD,2019-05-01,198.8
HD,2019-05-02,201.01
HD,2019-05-03,200.56
HD,2019-05-06,199.63
HD,2019-05-07,194.77
HD,2019-05-08,195.17
HD,2019-05-09,194.58
HD,2019-05-10,194.58
HD,2019-05-13,190.34
HD,2019-05-14,191.62
HD,2019-05-15,191.76
HD,2019-05-16,192.38
HD,2019-05-17,192.58
HD,2019-05-20,190.95
HD,2019-05-21,191.45
HD,2019-05-22,188.91
HD,2019-05-23,192
HD,2019-05-28,191.55
HD,2019-05-29,189.99
HD,2019-05-30,191.08
HD,2019-05-31,189.85
HD,2019-06-03,189.57
HD,2019-06-04,195.25
HD,2019-06-05,196.69
HD,2019-06-06,197.17
HD,2019-06-07,197.3
HD,2019-06-10,198.05
HD,2019-06-11,198.01
HD,2019-06-12,198.94
HD,2019-06-13,202.35
HD,2019-06-14,205.77
HD,2019-06-17,206.98
HD,2019-06-18,207.48
HD,2019-06-19,207.94
HD,2019-06-20,211.25
HD,2019-06-21,209.39
HD,2019-06-24,205.5
HD,2019-06-25,204.74
HD,2019-06-26,206.42
HD,2019-06-27,207.02
HD,2019-06-28,207.97
HD,2019-07-01,210.28
HD,2019-07-02,210.14
HD,2019-07-05,211.46
HD,2019-07-08,212.91
HD,2019-07-09,212
HD,2019-07-10,210.75
HD,2019-07-11,214.04
HD,2019-07-12,218.23
HD,2019-07-15,218.7
HD,2019-07-16,217.26
HD,2019-07-17,215.61
HD,2019-07-18,214.44
HD,2019-07-19,213.04
HD,2019-07-22,211.27
HD,2019-07-23,213.08
HD,2019-07-24,214.71
HD,2019-07-25,215.55
HD,2019-07-26,216.91
HD,2019-07-29,218.04
HD,2019-07-30,217.36
HD,2019-07-31,213.69
HD,2019-08-01,212.83
HD,2019-08-02,212.15
HD,2019-08-05,204.94
HD,2019-08-06,208.8
HD,2019-08-07,207.91
HD,2019-08-08,211.57
HD,2019-08-09,210.02
HD,2019-08-12,207.01
HD,2019-08-13,208.33
HD,2019-08-14,201.59
HD,2019-08-15,201.79
HD,2019-08-16,203.65
HD,2019-08-19,207.95
HD,2019-08-20,217.09
HD,2019-08-21,220.4
HD,2019-08-22,221.02
HD,2019-08-23,217.47
HD,2019-08-26,218.65
HD,2019-08-27,218.21
HD,2019-08-28,221.95
HD,2019-08-29,227.32
HD,2019-09-03,224.07
HD,2019-09-04,224.15
HD,2019-09-05,228.15
HD,2019-09-06,231.13
HD,2019-09-09,232.87
HD,2019-09-10,233
HD,2019-09-11,232.66
HD,2019-09-12,233.8
HD,2019-09-13,233.98
HD,2019-09-16,230.99
HD,2019-09-17,230.21
HD,2019-09-18,230.83
HD,2019-09-19,228.12
HD,2019-09-20,224.67
HD,2019-09-23,226.25
HD,2019-09-24,225.41
HD,2019-09-25,228.1
HD,2019-09-26,229.79
HD,2019-09-27,229.86
IBM,2019-03-20,139.6
IBM,2019-03-21,141.44
IBM,2019-03-22,139.45
IBM,2019-03-25,139.18
IBM,2019-03-26,140.22
IBM,2019-03-27,139.24
IBM,2019-03-28,139.92
IBM,2019-03-29,141.1
IBM,2019-04-01,143.3
IBM,2019-04-02,143
IBM,2019-04-03,143.63
IBM,2019-04-04,142.78
IBM,2019-04-05,143.28
IBM,2019-04-08,143.39
IBM,2019-04-09,142.11
IBM,2019-04-10,143.02
IBM,2019-04-11,143.78
IBM,2019-04-12,144.35
IBM,2019-04-15,143.9
IBM,2019-04-16,145.14
IBM,2019-04-17,139.11
IBM,2019-04-22,138.89
IBM,2019-04-23,140.44
IBM,2019-04-24,139.95
IBM,2019-04-25,138.63
IBM,2019-04-26,139.44
IBM,2019-04-29,139.05
IBM,2019-04-30,140.27
IBM,2019-05-01,140.56
IBM,2019-05-02,139.59
IBM,2019-05-03,140.25
IBM,2019-05-06,140.38
IBM,2019-05-07,137.64
IBM,2019-05-08,138
IBM,2019-05-09,135.34
IBM,2019-05-10,135.32
IBM,2019-05-13,131.42
IBM,2019-05-14,133.31
IBM,2019-05-15,134.4
IBM,2019-05-16,135.88
IBM,2019-05-17,134.32
IBM,2019-05-20,135.12
IBM,2019-05-21,136.45
IBM,2019-05-22,136.35
IBM,2019-05-23,132.39
IBM,2019-05-28,130.46
IBM,2019-05-29,129.69
IBM,2019-05-30,129.57
IBM,2019-05-31,126.99
IBM,2019-06-03,128.27
IBM,2019-06-04,132.69
IBM,2019-06-05,131.49
IBM,2019-06-06,132.22
IBM,2019-06-07,133.31
IBM,2019-06-10,134.74
IBM,2019-06-11,135.95
IBM,2019-06-12,134.87
IBM,2019-06-13,135.76
IBM,2019-06-14,135.15
IBM,2019-06-17,134.95
IBM,2019-06-18,136.38
IBM,2019-06-19,137.08
IBM,2019-06-20,138.85
IBM,2019-06-21,139.2
IBM,2019-06-24,139.35
IBM,2019-06-25,138.36
IBM,2019-06-26,138.52
IBM,2019-06-27,138.52
IBM,2019-06-28,137.9
IBM,2019-07-01,139.88
IBM,2019-07-02,140.22
IBM,2019-07-05,141.38
IBM,2019-07-08,140.57
IBM,2019-07-09,139.33
IBM,2019-07-10,140.47
IBM,2019-07-11,141.24
IBM,2019-07-12,142.74
IBM,2019-07-15,143.32
IBM,2019-07-16,143.53
IBM,2019-07-17,143.07
IBM,2019-07-18,149.63
IBM,2019-07-19,149.68
IBM,2019-07-22,149.74
IBM,2019-07-23,150.38
IBM,2019-07-24,150.03
IBM,2019-07-25,150.39
IBM,2019-07-26,151.36
IBM,2019-07-29,150.88
IBM,2019-07-30,149.77
IBM,2019-07-31,148.24
IBM,2019-08-01,150.32
IBM,2019-08-02,147.25
IBM,2019-08-05,140.76
IBM,2019-08-06,140.73
IBM,2019-08-07,139.11
IBM,2019-08-08,140.1
IBM,2019-08-09,136.13
IBM,2019-08-12,133.67
IBM,2019-08-13,135.79
IBM,2019-08-14,131.25
IBM,2019-08-15,131.92
IBM,2019-08-16,133.76
IBM,2019-08-19,135.04
IBM,2019-08-20,133
IBM,2019-08-21,134.25
IBM,2019-08-22,134.32
IBM,2019-08-23,129.57
IBM,2019-08-26,129.99
IBM,2019-08-27,131.17
IBM,2019-08-28,132.76
IBM,2019-08-29,134.88
IBM,2019-09-03,134.1
IBM,2019-09-04,136.32
IBM,2019-09-05,140.97
IBM,2019-09-06,140.57
IBM,2019-09-09,142.6
IBM,2019-09-10,145.05
IBM,2019-09-11,143.6
IBM,2019-09-12,143.62
IBM,2019-09-13,143.67
IBM,2019-09-16,142.48
IBM,2019-09-17,142.2
IBM,2019-09-18,142.22
IBM,2019-09-19,142.97
IBM,2019-09-20,141.88
IBM,2019-09-23,142.07
IBM,2019-09-24,141.68
IBM,2019-09-25,143.16
IBM,2019-09-26,143.55
IBM,2019-09-27,143.24
INTC,2019-03-20,53.82
INTC,2019-03-21,54.64
INTC,2019-03-22,53.26
INTC,2019-03-25,52.78
INTC,2019-03-26,53.44
INTC,2019-03-27,53.16
INTC,2019-03-28,53.11
INTC,2019-03-29,53.7
INTC,2019-04-01,54.51
INTC,2019-04-02,54.36
INTC,2019-04-03,55.48
INTC,2019-04-04,55.92
INTC,2019-04-05,55.6
INTC,2019-04-08,55.68
INTC,2019-04-09,55.32
INTC,2019-04-10,55.75
INTC,2019-04-11,55.8
INTC,2019-04-12,56.42
INTC,2019-04-15,56.28
INTC,2019-04-16,56.71
INTC,2019-04-17,58.56
INTC,2019-04-22,58.82
INTC,2019-04-23,58.78
INTC,2019-04-24,58.72
INTC,2019-04-25,57.61
INTC,2019-04-26,52.43
INTC,2019-04-29,51.11
INTC,2019-04-30,51.04
INTC,2019-05-01,50.76
INTC,2019-05-02,50.55
INTC,2019-05-03,51.75
INTC,2019-05-06,51.22
INTC,2019-05-07,50.48
INTC,2019-05-08,49.24
INTC,2019-05-09,46.62
INTC,2019-05-10,46.2
INTC,2019-05-13,44.76
INTC,2019-05-14,45.17
INTC,2019-05-15,45.62
INTC,2019-05-16,45.53
INTC,2019-05-17,44.89
INTC,2019-05-20,43.56
INTC,2019-05-21,44.46
INTC,2019-05-22,44
INTC,2019-05-23,44.53
INTC,2019-05-28,43.57
INTC,2019-05-29,44.23
INTC,2019-05-30,44.73
INTC,2019-05-31,44.04
INTC,2019-06-03,43.46
INTC,2019-06-04,44.79
INTC,2019-06-05,44.55
INTC,2019-06-06,45.1
INTC,2019-06-07,46.03
INTC,2019-06-10,46.8
INTC,2019-06-11,46.85
INTC,2019-06-12,46.32
INTC,2019-06-13,46.7
INTC,2019-06-14,46.19
INTC,2019-06-17,46.13
INTC,2019-06-18,47.37
INTC,2019-06-19,47.07
INTC,2019-06-20,47.19
INTC,2019-06-21,47.46
INTC,2019-06-24,47.63
INTC,2019-06-25,46.85
INTC,2019-06-26,48.19
INTC,2019-06-27,47.46
INTC,2019-06-28,47.87
INTC,2019-07-01,48.05
INTC,2019-07-02,48.12
INTC,2019-07-05,48.08
INTC,2019-07-08,47.82
INTC,2019-07-09,47.75
INTC,2019-07-10,48.21
INTC,2019-07-11,48.6
INTC,2019-07-12,49.92
INTC,2019-07-15,50.12
INTC,2019-07-16,49.17
INTC,2019-07-17,49.39
INTC,2019-07-18,49.94
INTC,2019-07-19,50.27
INTC,2019-07-22,51.35
INTC,2019-07-23,51.75
INTC,2019-07-24,52.92
INTC,2019-07-25,52.16
INTC,2019-07-26,51.59
INTC,2019-07-29,52.51
INTC,2019-07-30,51.7
INTC,2019-07-31,50.55
INTC,2019-08-01,49.5
INTC,2019-08-02,48.68
INTC,2019-08-05,46.97
INTC,2019-08-06,46.96
INTC,2019-08-07,46.73
INTC,2019-08-08,47.17
INTC,2019-08-09,45.98
INTC,2019-08-12,45.6
INTC,2019-08-13,46.84
INTC,2019-08-14,45.87
INTC,2019-08-15,45.7
INTC,2019-08-16,46.5
INTC,2019-08-19,47.23
INTC,2019-08-20,46.6
INTC,2019-08-21,47.15
INTC,2019-08-22,46.78
INTC,2019-08-23,44.96
INTC,2019-08-26,45.56
INTC,2019-08-27,45.79
INTC,2019-08-28,45.79
INTC,2019-08-29,46.87
INTC,2019-09-03,46.98
INTC,2019-09-04,48.92
INTC,2019-09-05,50.1
INTC,2019-09-06,50.92
INTC,2019-09-09,51.59
INTC,2019-09-10,51.82
INTC,2019-09-11,52.79
INTC,2019-09-12,53.01
INTC,2019-09-13,52.54
INTC,2019-09-16,52.2
INTC,2019-09-17,51.95
INTC,2019-09-18,51.74
INTC,2019-09-19,51.57
INTC,2019-09-20,50.72
INTC,2019-09-23,50.9
INTC,2019-09-24,49.82
INTC,2019-09-25,51.02
INTC,2019-09-26,50.92
INTC,2019-09-27,50.78
JNJ,2019-03-20,137.29
JNJ,2019-03-21,138.1
JNJ,2019-03-22,136.91
JNJ,2019-03-25,136.61
JNJ,2019-03-26,138.57
JNJ,2019-03-27,138.7
JNJ,2019-03-28,138.88
JNJ,2019-03-29,139.79
JNJ,2019-04-01,138.98
JNJ,2019-04-02,137.71
JNJ,2019-04-03,137.17
JNJ,2019-04-04,135.57
JNJ,2019-04-05,136.18
JNJ,2019-04-08,136.14
JNJ,2019-04-09,135.57
JNJ,2019-04-10,135.58
JNJ,2019-04-11,135.21
JNJ,2019-04-12,135.98
JNJ,2019-04-15,136.52
JNJ,2019-04-16,138.02
JNJ,2019-04-17,138.52
JNJ,2019-04-22,137.83
JNJ,2019-04-23,139.9
JNJ,2019-04-24,139.2
JNJ,2019-04-25,139.65
JNJ,2019-04-26,140.39
JNJ,2019-04-29,139.84
JNJ,2019-04-30,141.2
JNJ,2019-05-01,141.95
JNJ,2019-05-02,141.28
JNJ,2019-05-03,142.01
JNJ,2019-05-06,142.09
JNJ,2019-05-07,139.97
JNJ,2019-05-08,139.79
JNJ,2019-05-09,138.73
JNJ,2019-05-10,139.05
JNJ,2019-05-13,137.2
JNJ,2019-05-14,136.82
JNJ,2019-05-15,136.91
JNJ,2019-05-16,138.21
JNJ,2019-05-17,138.61
JNJ,2019-05-20,138.42
JNJ,2019-05-21,138.12
JNJ,2019-05-22,138.76
JNJ,2019-05-23,139.79
JNJ,2019-05-28,137.07
JNJ,2019-05-29,131.33
JNJ,2019-05-30,132.11
JNJ,2019-05-31,131.15
JNJ,2019-06-03,131.44
JNJ,2019-06-04,133.73
JNJ,2019-06-05,134.38
JNJ,2019-06-06,136.68
JNJ,2019-06-07,138.55
JNJ,2019-06-10,139.02
JNJ,2019-06-11,139.78
JNJ,2019-06-12,141.68
JNJ,2019-06-13,140.71
JNJ,2019-06-14,140.09
JNJ,2019-06-17,139.44
JNJ,2019-06-18,140.23
JNJ,2019-06-19,140.45
JNJ,2019-06-20,142.21
JNJ,2019-06-21,142.09
JNJ,2019-06-24,143.06
JNJ,2019-06-25,144.24
JNJ,2019-06-26,141.85
JNJ,2019-06-27,140.69
JNJ,2019-06-28,139.28
JNJ,2019-07-01,139.36
JNJ,2019-07-02,140.03
JNJ,2019-07-05,140.57
JNJ,2019-07-08,140.97
JNJ,2019-07-09,141.41
JNJ,2019-07-10,141.21
JNJ,2019-07-11,140.11
JNJ,2019-07-12,134.3
JNJ,2019-07-15,134.71
JNJ,2019-07-16,132.5
JNJ,2019-07-17,131.86
JNJ,2019-07-18,132.07
JNJ,2019-07-19,130.31
JNJ,2019-07-22,128.64
JNJ,2019-07-23,128.84
JNJ,2019-07-24,129.78
JNJ,2019-07-25,131.12
JNJ,2019-07-26,130.73
JNJ,2019-07-29,133.02
JNJ,2019-07-30,132.08
JNJ,2019-07-31,130.22
JNJ,2019-08-01,130.29
JNJ,2019-08-02,131.07
JNJ,2019-08-05,130.16
JNJ,2019-08-06,130.77
JNJ,2019-08-07,130.21
JNJ,2019-08-08,131.68
JNJ,2019-08-09,132.04
JNJ,2019-08-12,131.93
JNJ,2019-08-13,133.42
JNJ,2019-08-14,130.26
JNJ,2019-08-15,130.54
JNJ,2019-08-16,131.36
JNJ,2019-08-19,132.25
JNJ,2019-08-20,130.6
JNJ,2019-08-21,131.53
JNJ,2019-08-22,131.27
JNJ,2019-08-23,127.73
JNJ,2019-08-26,127.8
JNJ,2019-08-27,129.64
JNJ,2019-08-28,128.68
JNJ,2019-08-29,128.24
JNJ,2019-09-03,128.74
JNJ,2019-09-04,128.86
JNJ,2019-09-05,128.58
JNJ,2019-09-06,128.21
JNJ,2019-09-09,126.95
JNJ,2019-09-10,129.55
JNJ,2019-09-11,131.17
JNJ,2019-09-12,130.43
JNJ,2019-09-13,130.78
JNJ,2019-09-16,129.54
JNJ,2019-09-17,129.67
JNJ,2019-09-18,130.41
JNJ,2019-09-19,130.11
JNJ,2019-09-20,131.65
JNJ,2019-09-23,131.74
JNJ,2019-09-24,131.55
JNJ,2019-09-25,130.99
JNJ,2019-09-26,128.85
JNJ,2019-09-27,128.6
JPM,2019-03-20,104.52
JPM,2019-03-21,102.87
JPM,2019-03-22,99.76
JPM,2019-03-25,98.93
JPM,2019-03-26,99.92
JPM,2019-03-27,99.58
JPM,2019-03-28,100.71
JPM,2019-03-29,101.23
JPM,2019-04-01,104.64
JPM,2019-04-02,105.14
JPM,2019-04-03,105.35
JPM,2019-04-04,105.56
JPM,2019-04-05,105.31
JPM,2019-04-08,105.65
JPM,2019-04-09,104.87
JPM,2019-04-10,105.34
JPM,2019-04-11,106.23
JPM,2019-04-12,111.21
JPM,2019-04-15,109.94
JPM,2019-04-16,111.1
JPM,2019-04-17,114.3
JPM,2019-04-22,113.6
JPM,2019-04-23,113.74
JPM,2019-04-24,113.55
JPM,2019-04-25,113.61
JPM,2019-04-26,114.47
JPM,2019-04-29,116.12
JPM,2019-04-30,116.05
JPM,2019-05-01,115.16
JPM,2019-05-02,115.41
JPM,2019-05-03,116.12
JPM,2019-05-06,115.09
JPM,2019-05-07,113.21
JPM,2019-05-08,112.61
JPM,2019-05-09,112.52
JPM,2019-05-10,112.51
JPM,2019-05-13,109.45
JPM,2019-05-14,110.32
JPM,2019-05-15,109.9
JPM,2019-05-16,111.31
JPM,2019-05-17,110.77
JPM,2019-05-20,111.35
JPM,2019-05-21,111.73
JPM,2019-05-22,110.82
JPM,2019-05-23,108.64
JPM,2019-05-28,108.52
JPM,2019-05-29,108.22
JPM,2019-05-30,107.06
JPM,2019-05-31,105.96
JPM,2019-06-03,106.46
JPM,2019-06-04,109.74
JPM,2019-06-05,110.13
JPM,2019-06-06,110.37
JPM,2019-06-07,109.16
JPM,2019-06-10,110.34
JPM,2019-06-11,110.68
JPM,2019-06-12,109.27
JPM,2019-06-13,109.54
JPM,2019-06-14,109.82
JPM,2019-06-17,109.22
JPM,2019-06-18,110.71
JPM,2019-06-19,109.91
JPM,2019-06-20,110.19
JPM,2019-06-21,109.44
JPM,2019-06-24,108.66
JPM,2019-06-25,107.76
JPM,2019-06-26,108.48
JPM,2019-06-27,108.84
JPM,2019-06-28,111.8
JPM,2019-07-01,113.68
JPM,2019-07-02,113.8
JPM,2019-07-05,113.49
JPM,2019-07-08,112.87
JPM,2019-07-09,113.35
JPM,2019-07-10,113.02
JPM,2019-07-11,114.1
JPM,2019-07-12,115.3
JPM,2019-07-15,113.9
JPM,2019-07-16,115.12
JPM,2019-07-17,113.99
JPM,2019-07-18,114.67
JPM,2019-07-19,113.54
JPM,2019-07-22,114.27
JPM,2019-07-23,116.36
JPM,2019-07-24,116.83
JPM,2019-07-25,115.71
JPM,2019-07-26,116.22
JPM,2019-07-29,115.85
JPM,2019-07-30,115.59
JPM,2019-07-31,116
JPM,2019-08-01,112.94
JPM,2019-08-02,112.93
JPM,2019-08-05,109.57
JPM,2019-08-06,110.43
JPM,2019-08-07,108.03
JPM,2019-08-08,109.86
JPM,2019-08-09,109.74
JPM,2019-08-12,107.68
JPM,2019-08-13,109.34
JPM,2019-08-14,104.8
JPM,2019-08-15,105.2
JPM,2019-08-16,107.72
JPM,2019-08-19,108.69
JPM,2019-08-20,107.31
JPM,2019-08-21,107.61
JPM,2019-08-22,108.72
JPM,2019-08-23,106.02
JPM,2019-08-26,106.87
JPM,2019-08-27,105.74
JPM,2019-08-28,106.8
JPM,2019-08-29,109.22
JPM,2019-09-03,108.56
JPM,2019-09-04,109.87
JPM,2019-09-05,112.37
JPM,2019-09-06,112.61
JPM,2019-09-09,115.4
JPM,2019-09-10,116.87
JPM,2019-09-11,117.19
JPM,2019-09-12,117.91
JPM,2019-09-13,120.23
JPM,2019-09-16,119.16
JPM,2019-09-17,118.57
JPM,2019-09-18,119.76
JPM,2019-09-19,119.38
JPM,2019-09-20,118.9
JPM,2019-09-23,118.88
JPM,2019-09-24,117.33
JPM,2019-09-25,118
JPM,2019-09-26,117.03
JPM,2019-09-27,117.72
KO,2019-03-20,45.53
KO,2019-03-21,45.51
KO,2019-03-22,45.93
KO,2019-03-25,46.03
KO,2019-03-26,46.64
KO,2019-03-27,46.61
KO,2019-03-28,46.58
KO,2019-03-29,46.86
KO,2019-04-01,46.72
KO,2019-04-02,46.57
KO,2019-04-03,46.18
KO,2019-04-04,46.48
KO,2019-04-05,46.47
KO,2019-04-08,46.55
KO,2019-04-09,46.67
KO,2019-04-10,46.64
KO,2019-04-11,46.71
KO,2019-04-12,46.74
KO,2019-04-15,47
KO,2019-04-16,46.95
KO,2019-04-17,47.28
KO,2019-04-22,47.4
KO,2019-04-23,48.21
KO,2019-04-24,47.98
KO,2019-04-25,47.84
KO,2019-04-26,48.26
KO,2019-04-29,48.42
KO,2019-04-30,49.06
KO,2019-05-01,48.59
KO,2019-05-02,48.39
KO,2019-05-03,48.72
KO,2019-05-06,48.47
KO,2019-05-07,48
KO,2019-05-08,47.85
KO,2019-05-09,47.4
KO,2019-05-10,48.19
KO,2019-05-13,48.05
KO,2019-05-14,48.69
KO,2019-05-15,49.18
KO,2019-05-16,49.58
KO,2019-05-17,49.2
KO,2019-05-20,48.85
KO,2019-05-21,48.6
KO,2019-05-22,49.65
KO,2019-05-23,49.85
KO,2019-05-28,49.1
KO,2019-05-29,48.61
KO,2019-05-30,49.25
KO,2019-05-31,49.13
KO,2019-06-03,49.98
KO,2019-06-04,50
KO,2019-06-05,50.78
KO,2019-06-06,51.4
KO,2019-06-07,51.49
KO,2019-06-10,51.38
KO,2019-06-11,51.33
KO,2019-06-12,51.64
KO,2019-06-13,51.13
KO,2019-06-14,51.31
KO,2019-06-17,50.87
KO,2019-06-18,50.64
KO,2019-06-19,51.12
KO,2019-06-20,51.66
KO,2019-06-21,51.55
KO,2019-06-24,51.92
KO,2019-06-25,51.76
KO,2019-06-26,51.12
KO,2019-06-27,51.08
KO,2019-06-28,50.92
KO,2019-07-01,51.6
KO,2019-07-02,51.98
KO,2019-07-05,52.11
KO,2019-07-08,52
KO,2019-07-09,51.59
KO,2019-07-10,51.82
KO,2019-07-11,52.04
KO,2019-07-12,52.12
KO,2019-07-15,52.13
KO,2019-07-16,52.14
KO,2019-07-17,52.18
KO,2019-07-18,52.03
KO,2019-07-19,51.39
KO,2019-07-22,51.22
KO,2019-07-23,54.33
KO,2019-07-24,53.78
KO,2019-07-25,53.07
KO,2019-07-26,54.17
KO,2019-07-29,53.99
KO,2019-07-30,53.72
KO,2019-07-31,52.63
KO,2019-08-01,52.03
KO,2019-08-02,52.33
KO,2019-08-05,51.65
KO,2019-08-06,52.27
KO,2019-08-07,53.18
KO,2019-08-08,53.69
KO,2019-08-09,53.42
KO,2019-08-12,53.2
KO,2019-08-13,53.5
KO,2019-08-14,52.99
KO,2019-08-15,53.87
KO,2019-08-16,54.41
KO,2019-08-19,54.69
KO,2019-08-20,53.88
KO,2019-08-21,54.1
KO,2019-08-22,54.49
KO,2019-08-23,53.74
KO,2019-08-26,54.54
KO,2019-08-27,54.72
KO,2019-08-28,55.11
KO,2019-08-29,55.05
KO,2019-09-03,55.3
KO,2019-09-04,55.77
KO,2019-09-05,55.12
KO,2019-09-06,55.23
KO,2019-09-09,54.52
KO,2019-09-10,54.4
KO,2019-09-11,54.77
KO,2019-09-12,55.11
KO,2019-09-13,54.26
KO,2019-09-16,53.96
KO,2019-09-17,54.24
KO,2019-09-18,54.23
KO,2019-09-19,54.52
KO,2019-09-20,53.91
KO,2019-09-23,54.14
KO,2019-09-24,54.3
KO,2019-09-25,54.17
KO,2019-09-26,54.39
KO,2019-09-27,54.31
MCD,2019-03-20,184.97
MCD,2019-03-21,186.37
MCD,2019-03-22,186.81
MCD,2019-03-25,185.72
MCD,2019-03-26,187.48
MCD,2019-03-27,187.51
MCD,2019-03-28,189.39
MCD,2019-03-29,189.9
MCD,2019-04-01,188.39
MCD,2019-04-02,188.35
MCD,2019-04-03,188.35
MCD,2019-04-04,189.87
MCD,2019-04-05,190.71
MCD,2019-04-08,189.85
MCD,2019-04-09,190.08
MCD,2019-04-10,189.22
MCD,2019-04-11,188.88
MCD,2019-04-12,191.6
MCD,2019-04-15,191.85
MCD,2019-04-16,191.7
MCD,2019-04-17,191.61
MCD,2019-04-22,193.92
MCD,2019-04-23,195.26
MCD,2019-04-24,197.63
MCD,2019-04-25,197.93
MCD,2019-04-26,197.42
MCD,2019-04-29,197.12
MCD,2019-04-30,197.57
MCD,2019-05-01,194.17
MCD,2019-05-02,194.61
MCD,2019-05-03,197.52
MCD,2019-05-06,198.9
MCD,2019-05-07,198.04
MCD,2019-05-08,198.03
MCD,2019-05-09,197.73
MCD,2019-05-10,199.99
MCD,2019-05-13,199.03
MCD,2019-05-14,198.01
MCD,2019-05-15,199.07
MCD,2019-05-16,199.99
MCD,2019-05-17,199.22
MCD,2019-05-20,198.99
MCD,2019-05-21,199.84
MCD,2019-05-22,199.96
MCD,2019-05-23,198.97
MCD,2019-05-28,196.67
MCD,2019-05-29,196.02
MCD,2019-05-30,199.24
MCD,2019-05-31,198.27
MCD,2019-06-03,198.78
MCD,2019-06-04,199.63
MCD,2019-06-05,200.13
MCD,2019-06-06,203.05
MCD,2019-06-07,205.48
MCD,2019-06-10,201.3
MCD,2019-06-11,203.26
MCD,2019-06-12,204.93
MCD,2019-06-13,204.49
MCD,2019-06-14,205.29
MCD,2019-06-17,203.81
MCD,2019-06-18,204.51
MCD,2019-06-19,204.55
MCD,2019-06-20,205.12
MCD,2019-06-21,204.26
MCD,2019-06-24,203.92
MCD,2019-06-25,205.71
MCD,2019-06-26,204.55
MCD,2019-06-27,206.27
MCD,2019-06-28,207.66
MCD,2019-07-01,206.3
MCD,2019-07-02,209.58
MCD,2019-07-05,211.24
MCD,2019-07-08,212.16
MCD,2019-07-09,212.09
MCD,2019-07-10,213
MCD,2019-07-11,212.69
MCD,2019-07-12,212.99
MCD,2019-07-15,214.21
MCD,2019-07-16,213.72
MCD,2019-07-17,213.71
MCD,2019-07-18,215.91
MCD,2019-07-19,213.87
MCD,2019-07-22,215
MCD,2019-07-23,214.31
MCD,2019-07-24,212.78
MCD,2019-07-25,214.44
MCD,2019-07-26,215.58
MCD,2019-07-29,214.98
MCD,2019-07-30,212.34
MCD,2019-07-31,210.72
MCD,2019-08-01,211.25
MCD,2019-08-02,214.48
MCD,2019-08-05,210.45
MCD,2019-08-06,214.08
MCD,2019-08-07,216.83
MCD,2019-08-08,218.01
MCD,2019-08-09,221.15
MCD,2019-08-12,217.16
MCD,2019-08-13,219.73
MCD,2019-08-14,216.48
MCD,2019-08-15,218.27
MCD,2019-08-16,218.47
MCD,2019-08-19,218.78
MCD,2019-08-20,218.47
MCD,2019-08-21,220.71
MCD,2019-08-22,219.49
MCD,2019-08-23,214.66
MCD,2019-08-26,216.91
MCD,2019-08-27,216.05
MCD,2019-08-28,218.07
MCD,2019-08-29,220.54
MCD,2019-09-03,217.13
MCD,2019-09-04,218.5
MCD,2019-09-05,219.49
MCD,2019-09-06,220.03
MCD,2019-09-09,217.26
MCD,2019-09-10,209.68
MCD,2019-09-11,210.2
MCD,2019-09-12,212.15
MCD,2019-09-13,209.81
MCD,2019-09-16,207.4
MCD,2019-09-17,209.85
MCD,2019-09-18,210.43
MCD,2019-09-19,210.52
MCD,2019-09-20,209.39
MCD,2019-09-23,211.54
MCD,2019-09-24,212.02
MCD,2019-09-25,212.63
MCD,2019-09-26,212.6
MCD,2019-09-27,213.16
MMM,2019-03-20,208.3
MMM,2019-03-21,209.61
MMM,2019-03-22,204.66
MMM,2019-03-25,203.21
MMM,2019-03-26,207.24
MMM,2019-03-27,207.16
MMM,2019-03-28,208.53
MMM,2019-03-29,207.78
MMM,2019-04-01,211.94
MMM,2019-04-02,212.13
MMM,2019-04-03,213.13
MMM,2019-04-04,215.03
MMM,2019-04-05,215.41
MMM,2019-04-08,215.02
MMM,2019-04-09,211.96
MMM,2019-04-10,212.11
MMM,2019-04-11,213.53
MMM,2019-04-12,217.42
MMM,2019-04-15,215.83
MMM,2019-04-16,216.9
MMM,2019-04-17,217.64
MMM,2019-04-22,218.54
MMM,2019-04-23,219.5
MMM,2019-04-24,219.08
MMM,2019-04-25,190.72
MMM,2019-04-26,191.67
MMM,2019-04-29,190.21
MMM,2019-04-30,189.51
MMM,2019-05-01,186.07
MMM,2019-05-02,184.75
MMM,2019-05-03,185.22
MMM,2019-05-06,183.04
MMM,2019-05-07,179.12
MMM,2019-05-08,178.59
MMM,2019-05-09,175.28
MMM,2019-05-10,175.86
MMM,2019-05-13,174.07
MMM,2019-05-14,175.21
MMM,2019-05-15,174.12
MMM,2019-05-16,171.81
MMM,2019-05-17,169.09
MMM,2019-05-20,166.25
MMM,2019-05-21,167.3
MMM,2019-05-22,169.74
MMM,2019-05-23,165.87
MMM,2019-05-28,163.35
MMM,2019-05-29,161.4
MMM,2019-05-30,160.58
MMM,2019-05-31,159.75
MMM,2019-06-03,160.04
MMM,2019-06-04,164.29
MMM,2019-06-05,163.85
MMM,2019-06-06,164.72
MMM,2019-06-07,166.61
MMM,2019-06-10,168.29
MMM,2019-06-11,168.91
MMM,2019-06-12,169.01
MMM,2019-06-13,168.85
MMM,2019-06-14,166.69
MMM,2019-06-17,166.78
MMM,2019-06-18,171.86
MMM,2019-06-19,170.75
MMM,2019-06-20,173.94
MMM,2019-06-21,173.35
MMM,2019-06-24,173.38
MMM,2019-06-25,172.03
MMM,2019-06-26,171.88
MMM,2019-06-27,171.5
MMM,2019-06-28,173.34
MMM,2019-07-01,174.51
MMM,2019-07-02,174.02
MMM,2019-07-05,172
MMM,2019-07-08,169.19
MMM,2019-07-09,165.7
MMM,2019-07-10,165.7
MMM,2019-07-11,169.04
MMM,2019-07-12,173.34
MMM,2019-07-15,172.84
MMM,2019-07-16,176.49
MMM,2019-07-17,174.67
MMM,2019-07-18,173.06
MMM,2019-07-19,172.61
MMM,2019-07-22,174.64
MMM,2019-07-23,177.52
MMM,2019-07-24,179.42
MMM,2019-07-25,178.13
MMM,2019-07-26,173.98
MMM,2019-07-29,176.76
MMM,2019-07-30,177.63
MMM,2019-07-31,174.72
MMM,2019-08-01,173.36
MMM,2019-08-02,170.55
MMM,2019-08-05,164.71
MMM,2019-08-06,163.71
MMM,2019-08-07,163.64
MMM,2019-08-08,164.22
MMM,2019-08-09,163.47
MMM,2019-08-12,162.1
MMM,2019-08-13,164.88
MMM,2019-08-14,158.81
MMM,2019-08-15,156.84
MMM,2019-08-16,161.5
MMM,2019-08-19,162.95
MMM,2019-08-20,161.01
MMM,2019-08-21,161.15
MMM,2019-08-22,160.88
MMM,2019-08-23,155.85
MMM,2019-08-26,156.12
MMM,2019-08-27,155.75
MMM,2019-08-28,157.55
MMM,2019-08-29,160.36
MMM,2019-09-03,158.64
MMM,2019-09-04,160.07
MMM,2019-09-05,164.23
MMM,2019-09-06,163.94
MMM,2019-09-09,165.94
MMM,2019-09-10,168.86
MMM,2019-09-11,168.08
MMM,2019-09-12,170.58
MMM,2019-09-13,171.44
MMM,2019-09-16,169.67
MMM,2019-09-17,168.07
MMM,2019-09-18,167.44
MMM,2019-09-19,167.07
MMM,2019-09-20,166.76
MMM,2019-09-23,166.76
MMM,2019-09-24,164.74
MMM,2019-09-25,164
MMM,2019-09-26,163.83
MMM,2019-09-27,164.53
MRK,2019-03-20,82.08
MRK,2019-03-21,82.95
MRK,2019-03-22,82.29
MRK,2019-03-25,82.35
MRK,2019-03-26,82.92
MRK,2019-03-27,82.29
MRK,2019-03-28,82.63
MRK,2019-03-29,83.17
MRK,2019-04-01,83.3
MRK,2019-04-02,83.21
MRK,2019-04-03,83.18
MRK,2019-04-04,81.85
MRK,2019-04-05,81.15
MRK,2019-04-08,80.95
MRK,2019-04-09,80.8
MRK,2019-04-10,80.82
MRK,2019-04-11,79.84
MRK,2019-04-12,79.43
MRK,2019-04-15,78.53
MRK,2019-04-16,77.56
MRK,2019-04-17,73.92
MRK,2019-04-22,73.46
MRK,2019-04-23,74.6
MRK,2019-04-24,74.73
MRK,2019-04-25,76.34
MRK,2019-04-26,76.63
MRK,2019-04-29,76.78
MRK,2019-04-30,78.71
MRK,2019-05-01,78.72
MRK,2019-05-02,79.52
MRK,2019-05-03,80
MRK,2019-05-06,79.48
MRK,2019-05-07,77.9
MRK,2019-05-08,78.18
MRK,2019-05-09,78.33
MRK,2019-05-10,78.19
MRK,2019-05-13,77.17
MRK,2019-05-14,77.42
MRK,2019-05-15,77.55
MRK,2019-05-16,79.13
MRK,2019-05-17,78.72
MRK,2019-05-20,78.88
MRK,2019-05-21,79.5
MRK,2019-05-22,80.98
MRK,2019-05-23,81.02
MRK,2019-05-28,80.26
MRK,2019-05-29,79.36
MRK,2019-05-30,79.68
MRK,2019-05-31,79.21
MRK,2019-06-03,80.26
MRK,2019-06-04,81.08
MRK,2019-06-05,81.69
MRK,2019-06-06,81.44
MRK,2019-06-07,82.46
MRK,2019-06-10,82.48
MRK,2019-06-11,82.98
MRK,2019-06-12,83.71
MRK,2019-06-13,82.9
MRK,2019-06-14,82.78
MRK,2019-06-17,83.3
MRK,2019-06-18,84.49
MRK,2019-06-19,85.36
MRK,2019-06-20,84.6
MRK,2019-06-21,84.57
MRK,2019-06-24,85.51
MRK,2019-06-25,85.24
MRK,2019-06-26,83.54
MRK,2019-06-27,83.83
MRK,2019-06-28,83.85
MRK,2019-07-01,84.75
MRK,2019-07-02,85.51
MRK,2019-07-05,85.6
MRK,2019-07-08,84.04
MRK,2019-07-09,84.86
MRK,2019-07-10,84.82
MRK,2019-07-11,81
MRK,2019-07-12,79.73
MRK,2019-07-15,80.96
MRK,2019-07-16,81.59
MRK,2019-07-17,81.92
MRK,2019-07-18,82.69
MRK,2019-07-19,81.39
MRK,2019-07-22,81.21
MRK,2019-07-23,82.03
MRK,2019-07-24,81.75
MRK,2019-07-25,81.75
MRK,2019-07-26,81.43
MRK,2019-07-29,82.49
MRK,2019-07-30,83.27
MRK,2019-07-31,82.99
MRK,2019-08-01,83.69
MRK,2019-08-02,84.47
MRK,2019-08-05,83.12
MRK,2019-08-06,84.35
MRK,2019-08-07,84.25
MRK,2019-08-08,84.73
MRK,2019-08-09,85.52
MRK,2019-08-12,85.02
MRK,2019-08-13,86.08
MRK,2019-08-14,83.4
MRK,2019-08-15,83.46
MRK,2019-08-16,85.06
MRK,2019-08-19,86.19
MRK,2019-08-20,85.65
MRK,2019-08-21,86.91
MRK,2019-08-22,86.72
MRK,2019-08-23,84.94
MRK,2019-08-26,85.88
MRK,2019-08-27,85.52
MRK,2019-08-28,86.48
MRK,2019-08-29,86.72
MRK,2019-09-03,86.65
MRK,2019-09-04,86.05
MRK,2019-09-05,86.1
MRK,2019-09-06,86.57
MRK,2019-09-09,83.47
MRK,2019-09-10,81.69
MRK,2019-09-11,82.92
MRK,2019-09-12,83.31
MRK,2019-09-13,82.61
MRK,2019-09-16,82.03
MRK,2019-09-17,82.51
MRK,2019-09-18,83.02
MRK,2019-09-19,83.97
MRK,2019-09-20,85.16
MRK,2019-09-23,84.36
MRK,2019-09-24,83.6
MRK,2019-09-25,83.1
MRK,2019-09-26,83.88
MRK,2019-09-27,82.91
MSFT,2019-03-20,117.52
MSFT,2019-03-21,120.22
MSFT,2019-03-22,117.05
MSFT,2019-03-25,117.66
MSFT,2019-03-26,117.91
MSFT,2019-03-27,116.77
MSFT,2019-03-28,116.93
MSFT,2019-03-29,117.94
MSFT,2019-04-01,119.02
MSFT,2019-04-02,119.19
MSFT,2019-04-03,119.97
MSFT,2019-04-04,119.36
MSFT,2019-04-05,119.89
MSFT,2019-04-08,119.93
MSFT,2019-04-09,119.28
MSFT,2019-04-10,120.19
MSFT,2019-04-11,120.33
MSFT,2019-04-12,120.95
MSFT,2019-04-15,121.05
MSFT,2019-04-16,120.77
MSFT,2019-04-17,121.77
MSFT,2019-04-22,123.76
MSFT,2019-04-23,125.44
MSFT,2019-04-24,125.01
MSFT,2019-04-25,129.15
MSFT,2019-04-26,129.89
MSFT,2019-04-29,129.77
MSFT,2019-04-30,130.6
MSFT,2019-05-01,127.88
MSFT,2019-05-02,126.21
MSFT,2019-05-03,128.9
MSFT,2019-05-06,128.15
MSFT,2019-05-07,125.52
MSFT,2019-05-08,125.51
MSFT,2019-05-09,125.5
MSFT,2019-05-10,127.13
MSFT,2019-05-13,123.35
MSFT,2019-05-14,124.73
MSFT,2019-05-15,126.02
MSFT,2019-05-16,128.93
MSFT,2019-05-17,128.07
MSFT,2019-05-20,126.22
MSFT,2019-05-21,126.9
MSFT,2019-05-22,127.67
MSFT,2019-05-23,126.18
MSFT,2019-05-28,126.16
MSFT,2019-05-29,124.94
MSFT,2019-05-30,125.73
MSFT,2019-05-31,123.68
MSFT,2019-06-03,119.84
MSFT,2019-06-04,123.16
MSFT,2019-06-05,125.83
MSFT,2019-06-06,127.82
MSFT,2019-06-07,131.4
MSFT,2019-06-10,132.6
MSFT,2019-06-11,132.1
MSFT,2019-06-12,131.49
MSFT,2019-06-13,132.32
MSFT,2019-06-14,132.45
MSFT,2019-06-17,132.85
MSFT,2019-06-18,135.16
MSFT,2019-06-19,135.69
MSFT,2019-06-20,136.95
MSFT,2019-06-21,136.97
MSFT,2019-06-24,137.78
MSFT,2019-06-25,133.43
MSFT,2019-06-26,133.93
MSFT,2019-06-27,134.15
MSFT,2019-06-28,133.96
MSFT,2019-07-01,135.68
MSFT,2019-07-02,136.58
MSFT,2019-07-05,137.06
MSFT,2019-07-08,136.96
MSFT,2019-07-09,136.46
MSFT,2019-07-10,137.85
MSFT,2019-07-11,138.4
MSFT,2019-07-12,138.9
MSFT,2019-07-15,138.9
MSFT,2019-07-16,137.08
MSFT,2019-07-17,136.27
MSFT,2019-07-18,136.42
MSFT,2019-07-19,136.62
MSFT,2019-07-22,138.43
MSFT,2019-07-23,139.29
MSFT,2019-07-24,140.72
MSFT,2019-07-25,140.19
MSFT,2019-07-26,141.34
MSFT,2019-07-29,141.03
MSFT,2019-07-30,140.35
MSFT,2019-07-31,136.27
MSFT,2019-08-01,138.06
MSFT,2019-08-02,136.9
MSFT,2019-08-05,132.21
MSFT,2019-08-06,134.69
MSFT,2019-08-07,135.28
MSFT,2019-08-08,138.89
MSFT,2019-08-09,137.71
MSFT,2019-08-12,135.79
MSFT,2019-08-13,138.6
MSFT,2019-08-14,133.98
MSFT,2019-08-15,133.68
MSFT,2019-08-16,136.13
MSFT,2019-08-19,138.41
MSFT,2019-08-20,137.26
MSFT,2019-08-21,138.79
MSFT,2019-08-22,137.78
MSFT,2019-08-23,133.39
MSFT,2019-08-26,135.45
MSFT,2019-08-27,135.74
MSFT,2019-08-28,135.56
MSFT,2019-08-29,138.12
MSFT,2019-09-03,136.04
MSFT,2019-09-04,137.63
MSFT,2019-09-05,140.05
MSFT,2019-09-06,139.1
MSFT,2019-09-09,137.52
MSFT,2019-09-10,136.08
MSFT,2019-09-11,136.12
MSFT,2019-09-12,137.52
MSFT,2019-09-13,137.32
MSFT,2019-09-16,136.33
MSFT,2019-09-17,137.39
MSFT,2019-09-18,138.52
MSFT,2019-09-19,141.07
MSFT,2019-09-20,139.44
MSFT,2019-09-23,139.14
MSFT,2019-09-24,137.38
MSFT,2019-09-25,139.36
MSFT,2019-09-26,139.54
MSFT,2019-09-27,137.73
NKE,2019-03-20,86.69
NKE,2019-03-21,88.01
NKE,2019-03-22,82.19
NKE,2019-03-25,82.33
NKE,2019-03-26,83.38
NKE,2019-03-27,83.09
NKE,2019-03-28,84.04
NKE,2019-03-29,84.21
NKE,2019-04-01,85.23
NKE,2019-04-02,84.37
NKE,2019-04-03,84.47
NKE,2019-04-04,85.28
NKE,2019-04-05,85.4
NKE,2019-04-08,84.73
NKE,2019-04-09,84.28
NKE,2019-04-10,84.88
NKE,2019-04-11,85
NKE,2019-04-12,86.24
NKE,2019-04-15,86.83
NKE,2019-04-16,87.8
NKE,2019-04-17,88.73
NKE,2019-04-22,87.36
NKE,2019-04-23,87.43
NKE,2019-04-24,88.39
NKE,2019-04-25,87.56
NKE,2019-04-26,88.31
NKE,2019-04-29,88.26
NKE,2019-04-30,87.83
NKE,2019-05-01,85.9
NKE,2019-05-02,85.27
NKE,2019-05-03,85.7
NKE,2019-05-06,83.57
NKE,2019-05-07,82.54
NKE,2019-05-08,82.77
NKE,2019-05-09,82.98
NKE,2019-05-10,83.95
NKE,2019-05-13,82.53
NKE,2019-05-14,83.67
NKE,2019-05-15,84.01
NKE,2019-05-16,84.28
NKE,2019-05-17,84.57
NKE,2019-05-20,82.85
NKE,2019-05-21,83.64
NKE,2019-05-22,83.2
NKE,2019-05-23,82.64
NKE,2019-05-28,81.2
NKE,2019-05-29,78.87
NKE,2019-05-30,79.26
NKE,2019-05-31,77.14
NKE,2019-06-03,77.96
NKE,2019-06-04,81.62
NKE,2019-06-05,82.72
NKE,2019-06-06,82.45
NKE,2019-06-07,83.41
NKE,2019-06-10,82.58
NKE,2019-06-11,83.26
NKE,2019-06-12,82.63
NKE,2019-06-13,83.61
NKE,2019-06-14,83.44
NKE,2019-06-17,82.11
NKE,2019-06-18,84.3
NKE,2019-06-19,83.55
NKE,2019-06-20,85.24
NKE,2019-06-21,85.75
NKE,2019-06-24,84.5
NKE,2019-06-25,82.62
NKE,2019-06-26,82.55
NKE,2019-06-27,83.66
NKE,2019-06-28,83.95
NKE,2019-07-01,85.41
NKE,2019-07-02,84.96
NKE,2019-07-05,86.82
NKE,2019-07-08,88.48
NKE,2019-07-09,88.04
NKE,2019-07-10,87.44
NKE,2019-07-11,88.29
NKE,2019-07-12,89.12
NKE,2019-07-15,89.48
NKE,2019-07-16,88.6
NKE,2019-07-17,87.5
NKE,2019-07-18,87.44
NKE,2019-07-19,86.55
NKE,2019-07-22,85.97
NKE,2019-07-23,86.7
NKE,2019-07-24,86.7
NKE,2019-07-25,87.28
NKE,2019-07-26,87.54
NKE,2019-07-29,87.62
NKE,2019-07-30,87.2
NKE,2019-07-31,86.03
NKE,2019-08-01,83.12
NKE,2019-08-02,81.14
NKE,2019-08-05,78.97
NKE,2019-08-06,81.3
NKE,2019-08-07,81.28
NKE,2019-08-08,83
NKE,2019-08-09,81.98
NKE,2019-08-12,81.65
NKE,2019-08-13,83.32
NKE,2019-08-14,81.03
NKE,2019-08-15,79.51
NKE,2019-08-16,80.28
NKE,2019-08-19,81.13
NKE,2019-08-20,80.53
NKE,2019-08-21,82.74
NKE,2019-08-22,83.31
NKE,2019-08-23,80.44
NKE,2019-08-26,82.25
NKE,2019-08-27,82.03
NKE,2019-08-28,83.48
NKE,2019-08-29,85.38
NKE,2019-09-03,84.67
NKE,2019-09-04,86.35
NKE,2019-09-05,88.42
NKE,2019-09-06,88.69
NKE,2019-09-09,88.67
NKE,2019-09-10,86.83
NKE,2019-09-11,86.75
NKE,2019-09-12,87.67
NKE,2019-09-13,87.32
NKE,2019-09-16,87.27
NKE,2019-09-17,87.59
NKE,2019-09-18,88.08
NKE,2019-09-19,87.7
NKE,2019-09-20,86.68
NKE,2019-09-23,87.69
NKE,2019-09-24,87.18
NKE,2019-09-25,90.81
NKE,2019-09-26,92.17
NKE,2019-09-27,92.31
PFE,2019-03-20,42.17
PFE,2019-03-21,42.35
PFE,2019-03-22,41.85
PFE,2019-03-25,41.89
PFE,2019-03-26,42.42
PFE,2019-03-27,42.02
PFE,2019-03-28,42.29
PFE,2019-03-29,42.47
PFE,2019-04-01,42.84
PFE,2019-04-02,42.91
PFE,2019-04-03,42.84
PFE,2019-04-04,42.74
PFE,2019-04-05,42.99
PFE,2019-04-08,43.14
PFE,2019-04-09,42.84
PFE,2019-04-10,42.73
PFE,2019-04-11,42.27
PFE,2019-04-12,41.71
PFE,2019-04-15,42.09
PFE,2019-04-16,40.92
PFE,2019-04-17,39.88
PFE,2019-04-22,38.98
PFE,2019-04-23,39.42
PFE,2019-04-24,39.37
PFE,2019-04-25,39.61
PFE,2019-04-26,39.97
PFE,2019-04-29,39.59
PFE,2019-04-30,40.61
PFE,2019-05-01,40.77
PFE,2019-05-02,41.01
PFE,2019-05-03,41.39
PFE,2019-05-06,41.65
PFE,2019-05-07,40.83
PFE,2019-05-08,40.95
PFE,2019-05-09,40.64
PFE,2019-05-10,40.72
PFE,2019-05-13,40.57
PFE,2019-05-14,40.66
PFE,2019-05-15,41.15
PFE,2019-05-16,41.64
PFE,2019-05-17,41.47
PFE,2019-05-20,41.59
PFE,2019-05-21,41.67
PFE,2019-05-22,41.99
PFE,2019-05-23,41.92
PFE,2019-05-28,41.9
PFE,2019-05-29,41.72
PFE,2019-05-30,41.9
PFE,2019-05-31,41.52
PFE,2019-06-03,41.92
PFE,2019-06-04,42.23
PFE,2019-06-05,42.48
PFE,2019-06-06,42.71
PFE,2019-06-07,42.92
PFE,2019-06-10,43.07
PFE,2019-06-11,42.67
PFE,2019-06-12,43.08
PFE,2019-06-13,42.5
PFE,2019-06-14,42.76
PFE,2019-06-17,42.88
PFE,2019-06-18,43.07
PFE,2019-06-19,43.5
PFE,2019-06-20,43.6
PFE,2019-06-21,43.67
PFE,2019-06-24,43.76
PFE,2019-06-25,43.76
PFE,2019-06-26,42.99
PFE,2019-06-27,43.43
PFE,2019-06-28,43.32
PFE,2019-07-01,43.77
PFE,2019-07-02,44.22
PFE,2019-07-05,43.92
PFE,2019-07-08,43.3
PFE,2019-07-09,43.37
PFE,2019-07-10,44.06
PFE,2019-07-11,42.98
PFE,2019-07-12,42.4
PFE,2019-07-15,42.75
PFE,2019-07-16,42.85
PFE,2019-07-17,42.74
PFE,2019-07-18,43.06
PFE,2019-07-19,42.77
PFE,2019-07-22,42.82
PFE,2019-07-23,43.09
PFE,2019-07-24,42.89
PFE,2019-07-25,42.67
PFE,2019-07-26,43.09
PFE,2019-07-29,41.45
PFE,2019-07-30,38.79
PFE,2019-07-31,38.84
PFE,2019-08-01,38.25
PFE,2019-08-02,38
PFE,2019-08-05,36.96
PFE,2019-08-06,36.95
PFE,2019-08-07,36.58
PFE,2019-08-08,36.87
PFE,2019-08-09,36.35
PFE,2019-08-12,35.39
PFE,2019-08-13,35.2
PFE,2019-08-14,34.24
PFE,2019-08-15,34.48
PFE,2019-08-16,34.65
PFE,2019-08-19,35.18
PFE,2019-08-20,34.61
PFE,2019-08-21,34.87
PFE,2019-08-22,35.08
PFE,2019-08-23,34.34
PFE,2019-08-26,34.84
PFE,2019-08-27,34.34
PFE,2019-08-28,35.08
PFE,2019-08-29,35.33
PFE,2019-09-03,36.12
PFE,2019-09-04,35.83
PFE,2019-09-05,36.34
PFE,2019-09-06,36.5
PFE,2019-09-09,36.83
PFE,2019-09-10,37.38
PFE,2019-09-11,37.41
PFE,2019-09-12,37.28
PFE,2019-09-13,36.91
PFE,2019-09-16,36.83
PFE,2019-09-17,36.5
PFE,2019-09-18,36.38
PFE,2019-09-19,36.51
PFE,2019-09-20,36.69
PFE,2019-09-23,36.24
PFE,2019-09-24,36.01
PFE,2019-09-25,35.9
PFE,2019-09-26,35.78
PFE,2019-09-27,36.22
PG,2019-03-20,101.72
PG,2019-03-21,102.49
PG,2019-03-22,101.66
PG,2019-03-25,101.96
PG,2019-03-26,103.02
PG,2019-03-27,102.9
PG,2019-03-28,103.55
PG,2019-03-29,104.05
PG,2019-04-01,103.64
PG,2019-04-02,103.75
PG,2019-04-03,103.69
PG,2019-04-04,103.43
PG,2019-04-05,103.65
PG,2019-04-08,104.97
PG,2019-04-09,104.66
PG,2019-04-10,104.65
PG,2019-04-11,104.75
PG,2019-04-12,105.06
PG,2019-04-15,105.73
PG,2019-04-16,106.42
PG,2019-04-17,105.85
PG,2019-04-22,106.01
PG,2019-04-23,103.16
PG,2019-04-24,103.69
PG,2019-04-25,103.28
PG,2019-04-26,105.86
PG,2019-04-29,104.78
PG,2019-04-30,106.48
PG,2019-05-01,104.93
PG,2019-05-02,105.56
PG,2019-05-03,106.08
PG,2019-05-06,105.68
PG,2019-05-07,104.7
PG,2019-05-08,105.07
PG,2019-05-09,104.24
PG,2019-05-10,106.01
PG,2019-05-13,106.11
PG,2019-05-14,105.6
PG,2019-05-15,106.7
PG,2019-05-16,108.11
PG,2019-05-17,107.45
PG,2019-05-20,107.33
PG,2019-05-21,106.37
PG,2019-05-22,106.72
PG,2019-05-23,106.76
PG,2019-05-28,104.46
PG,2019-05-29,104.19
PG,2019-05-30,105.33
PG,2019-05-31,102.91
PG,2019-06-03,103.8
PG,2019-06-04,104.68
PG,2019-06-05,106.73
PG,2019-06-06,107.38
PG,2019-06-07,108.77
PG,2019-06-10,108.72
PG,2019-06-11,109.38
PG,2019-06-12,109.68
PG,2019-06-13,110.91
PG,2019-06-14,111.2
PG,2019-06-17,110.99
PG,2019-06-18,109.6
PG,2019-06-19,110.42
PG,2019-06-20,111.74
PG,2019-06-21,111.2
PG,2019-06-24,112.33
PG,2019-06-25,111.72
PG,2019-06-26,109.73
PG,2019-06-27,109.78
PG,2019-06-28,109.65
PG,2019-07-01,110.49
PG,2019-07-02,111.48
PG,2019-07-05,113.15
PG,2019-07-08,114.05
PG,2019-07-09,112.91
PG,2019-07-10,113.75
PG,2019-07-11,114.38
PG,2019-07-12,114.99
PG,2019-07-15,115.48
PG,2019-07-16,115.89
PG,2019-07-17,115.94
PG,2019-07-18,115.44
PG,2019-07-19,115.01
PG,2019-07-22,115.3
PG,2019-07-23,113.85
PG,2019-07-24,112.6
PG,2019-07-25,112.77
PG,2019-07-26,114.73
PG,2019-07-29,116
PG,2019-07-30,120.41
PG,2019-07-31,118.04
PG,2019-08-01,116.73
PG,2019-08-02,116.44
PG,2019-08-05,113.08
PG,2019-08-06,114.28
PG,2019-08-07,115.52
PG,2019-08-08,117.44
PG,2019-08-09,116.78
PG,2019-08-12,116.03
PG,2019-08-13,117.25
PG,2019-08-14,115.79
PG,2019-08-15,117.39
PG,2019-08-16,119.18
PG,2019-08-19,120.24
PG,2019-08-20,118.9
PG,2019-08-21,119.2
PG,2019-08-22,119.42
PG,2019-08-23,117.32
PG,2019-08-26,119.32
PG,2019-08-27,120.55
PG,2019-08-28,121.4
PG,2019-08-29,121.18
PG,2019-09-03,121.36
PG,2019-09-04,123.21
PG,2019-09-05,122.76
PG,2019-09-06,122.87
PG,2019-09-09,122.17
PG,2019-09-10,119.88
PG,2019-09-11,121.27
PG,2019-09-12,122.77
PG,2019-09-13,122.12
PG,2019-09-16,119.75
PG,2019-09-17,121.16
PG,2019-09-18,121.41
PG,2019-09-19,121.9
PG,2019-09-20,122.24
PG,2019-09-23,123.22
PG,2019-09-24,123.61
PG,2019-09-25,123.02
PG,2019-09-26,124.31
PG,2019-09-27,124.57
TRV,2019-03-20,131.33
TRV,2019-03-21,134.37
TRV,2019-03-22,134.9
TRV,2019-03-25,134.95
TRV,2019-03-26,134.98
TRV,2019-03-27,136.35
TRV,2019-03-28,136.9
TRV,2019-03-29,137.16
TRV,2019-04-01,138.02
TRV,2019-04-02,136.81
TRV,2019-04-03,136.6
TRV,2019-04-04,136.52
TRV,2019-04-05,136.4
TRV,2019-04-08,135.88
TRV,2019-04-09,135.19
TRV,2019-04-10,135.46
TRV,2019-04-11,136.28
TRV,2019-04-12,137.72
TRV,2019-04-15,136.79
TRV,2019-04-16,138.34
TRV,2019-04-17,135.87
TRV,2019-04-22,136.61
TRV,2019-04-23,138.01
TRV,2019-04-24,139.18
TRV,2019-04-25,139.19
TRV,2019-04-26,140.24
TRV,2019-04-29,141.46
TRV,2019-04-30,143.75
TRV,2019-05-01,143.08
TRV,2019-05-02,142.7
TRV,2019-05-03,143.35
TRV,2019-05-06,143.43
TRV,2019-05-07,141.71
TRV,2019-05-08,141.53
TRV,2019-05-09,141.83
TRV,2019-05-10,143.96
TRV,2019-05-13,143.41
TRV,2019-05-14,145.71
TRV,2019-05-15,146.52
TRV,2019-05-16,147.41
TRV,2019-05-17,147.49
TRV,2019-05-20,148.17
TRV,2019-05-21,147.47
TRV,2019-05-22,147.96
TRV,2019-05-23,146.94
TRV,2019-05-28,146.28
TRV,2019-05-29,145.07
TRV,2019-05-30,145.73
TRV,2019-05-31,145.57
TRV,2019-06-03,146.79
TRV,2019-06-04,147.55
TRV,2019-06-05,149.85
TRV,2019-06-06,149
TRV,2019-06-07,149.53
TRV,2019-06-10,149.32
TRV,2019-06-11,149.19
TRV,2019-06-12,149.73
TRV,2019-06-13,149.41
TRV,2019-06-14,150.11
TRV,2019-06-17,149.92
TRV,2019-06-18,150.33
TRV,2019-06-19,151.6
TRV,2019-06-20,152.19
TRV,2019-06-21,151.48
TRV,2019-06-24,152.02
TRV,2019-06-25,153.13
TRV,2019-06-26,148.7
TRV,2019-06-27,149.2
TRV,2019-06-28,149.52
TRV,2019-07-01,151.42
TRV,2019-07-02,152.83
TRV,2019-07-05,154.09
TRV,2019-07-08,153.8
TRV,2019-07-09,153.45
TRV,2019-07-10,153.33
TRV,2019-07-11,152.43
TRV,2019-07-12,153.39
TRV,2019-07-15,154.83
TRV,2019-07-16,154.59
TRV,2019-07-17,152.38
TRV,2019-07-18,152.71
TRV,2019-07-19,150.23
TRV,2019-07-22,149.71
TRV,2019-07-23,147.5
TRV,2019-07-24,148.85
TRV,2019-07-25,148.49
TRV,2019-07-26,149.93
TRV,2019-07-29,148.74
TRV,2019-07-30,147.62
TRV,2019-07-31,146.62
TRV,2019-08-01,145.78
TRV,2019-08-02,146.92
TRV,2019-08-05,143.93
TRV,2019-08-06,145.96
TRV,2019-08-07,147.36
TRV,2019-08-08,148.22
TRV,2019-08-09,149.07
TRV,2019-08-12,146.45
TRV,2019-08-13,148.22
TRV,2019-08-14,143.48
TRV,2019-08-15,145.59
TRV,2019-08-16,146.81
TRV,2019-08-19,147.58
TRV,2019-08-20,146.51
TRV,2019-08-21,147.04
TRV,2019-08-22,147.81
TRV,2019-08-23,144.73
TRV,2019-08-26,147.34
TRV,2019-08-27,147.1
TRV,2019-08-28,146.37
TRV,2019-08-29,146.94
TRV,2019-09-03,147.57
TRV,2019-09-04,150.16
TRV,2019-09-05,151.74
TRV,2019-09-06,152.84
TRV,2019-09-09,149.23
TRV,2019-09-10,146.57
TRV,2019-09-11,146.23
TRV,2019-09-12,148.3
TRV,2019-09-13,146.31
TRV,2019-09-16,146.34
TRV,2019-09-17,147.25
TRV,2019-09-18,146.47
TRV,2019-09-19,146.94
TRV,2019-09-20,146.28
TRV,2019-09-23,146.54
TRV,2019-09-24,146.75
TRV,2019-09-25,146.85
TRV,2019-09-26,148.1
TRV,2019-09-27,148
UNH,2019-03-20,250.5
UNH,2019-03-21,252.02
UNH,2019-03-22,247.09
UNH,2019-03-25,246.86
UNH,2019-03-26,243.39
UNH,2019-03-27,241.71
UNH,2019-03-28,242.23
UNH,2019-03-29,247.26
UNH,2019-04-01,245.54
UNH,2019-04-02,244.41
UNH,2019-04-03,245.84
UNH,2019-04-04,247.39
UNH,2019-04-05,248.78
UNH,2019-04-08,248.75
UNH,2019-04-09,248.79
UNH,2019-04-10,246.03
UNH,2019-04-11,235.42
UNH,2019-04-12,223.22
UNH,2019-04-15,230.2
UNH,2019-04-16,220.96
UNH,2019-04-17,216.84
UNH,2019-04-22,227.11
UNH,2019-04-23,230.58
UNH,2019-04-24,230.35
UNH,2019-04-25,230.79
UNH,2019-04-26,237
UNH,2019-04-29,237.45
UNH,2019-04-30,233.07
UNH,2019-05-01,231.95
UNH,2019-05-02,232.45
UNH,2019-05-03,231.95
UNH,2019-05-06,240.5
UNH,2019-05-07,238.05
UNH,2019-05-08,239.15
UNH,2019-05-09,237.97
UNH,2019-05-10,240.59
UNH,2019-05-13,239.55
UNH,2019-05-14,236.43
UNH,2019-05-15,236.08
UNH,2019-05-16,236.79
UNH,2019-05-17,241.38
UNH,2019-05-20,245.99
UNH,2019-05-21,249.94
UNH,2019-05-22,249.34
UNH,2019-05-23,246.5
UNH,2019-05-28,242.06
UNH,2019-05-29,242.4
UNH,2019-05-30,243.5
UNH,2019-05-31,241.8
UNH,2019-06-03,236.56
UNH,2019-06-04,240.76
UNH,2019-06-05,242.77
UNH,2019-06-06,241.82
UNH,2019-06-07,246.77
UNH,2019-06-10,248.14
UNH,2019-06-11,245.87
UNH,2019-06-12,244.5
UNH,2019-06-13,244.96
UNH,2019-06-14,245.37
UNH,2019-06-17,245.97
UNH,2019-06-18,245.7
UNH,2019-06-19,250.19
UNH,2019-06-20,247.76
UNH,2019-06-21,252.28
UNH,2019-06-24,249.64
UNH,2019-06-25,247.66
UNH,2019-06-26,243.47
UNH,2019-06-27,246.34
UNH,2019-06-28,244.01
UNH,2019-07-01,242.64
UNH,2019-07-02,243.97
UNH,2019-07-05,246.99
UNH,2019-07-08,247.84
UNH,2019-07-09,246
UNH,2019-07-10,247.48
UNH,2019-07-11,261.16
UNH,2019-07-12,265.9
UNH,2019-07-15,265.96
UNH,2019-07-16,264.66
UNH,2019-07-17,266.65
UNH,2019-07-18,260.6
UNH,2019-07-19,256.65
UNH,2019-07-22,255.32
UNH,2019-07-23,255.01
UNH,2019-07-24,251.13
UNH,2019-07-25,248.7
UNH,2019-07-26,252.94
UNH,2019-07-29,253.82
UNH,2019-07-30,254.93
UNH,2019-07-31,249.01
UNH,2019-08-01,249.25
UNH,2019-08-02,250.05
UNH,2019-08-05,245.06
UNH,2019-08-06,248.28
UNH,2019-08-07,246.45
UNH,2019-08-08,247.62
UNH,2019-08-09,248.63
UNH,2019-08-12,243.2
UNH,2019-08-13,249.22
UNH,2019-08-14,243.2
UNH,2019-08-15,244.25
UNH,2019-08-16,245.69
UNH,2019-08-19,244.71
UNH,2019-08-20,240.16
UNH,2019-08-21,240.35
UNH,2019-08-22,232.94
UNH,2019-08-23,230.66
UNH,2019-08-26,231.08
UNH,2019-08-27,222.93
UNH,2019-08-28,227.35
UNH,2019-08-29,230.62
UNH,2019-09-03,230.62
UNH,2019-09-04,226.73
UNH,2019-09-05,229.59
UNH,2019-09-06,229
UNH,2019-09-09,230.68
UNH,2019-09-10,232.46
UNH,2019-09-11,234.21
UNH,2019-09-12,230.1
UNH,2019-09-13,233.61
UNH,2019-09-16,234.43
UNH,2019-09-17,232.52
UNH,2019-09-18,230.61
UNH,2019-09-19,232.85
UNH,2019-09-20,232.89
UNH,2019-09-23,228.77
UNH,2019-09-24,225
UNH,2019-09-25,222.17
UNH,2019-09-26,215.48
UNH,2019-09-27,215.26
UTX,2019-03-20,125.31
UTX,2019-03-21,126.88
UTX,2019-03-22,125.15
UTX,2019-03-25,125.4
UTX,2019-03-26,126.14
UTX,2019-03-27,126.3
UTX,2019-03-28,127.27
UTX,2019-03-29,128.89
UTX,2019-04-01,133.19
UTX,2019-04-02,131.9
UTX,2019-04-03,131.31
UTX,2019-04-04,132.7
UTX,2019-04-05,133.72
UTX,2019-04-08,133.56
UTX,2019-04-09,132.25
UTX,2019-04-10,131.66
UTX,2019-04-11,132.82
UTX,2019-04-12,135.3
UTX,2019-04-15,134.55
UTX,2019-04-16,135.34
UTX,2019-04-17,135.79
UTX,2019-04-22,136.91
UTX,2019-04-23,140.02
UTX,2019-04-24,139.59
UTX,2019-04-25,139.73
UTX,2019-04-26,140.78
UTX,2019-04-29,142.12
UTX,2019-04-30,142.61
UTX,2019-05-01,141.58
UTX,2019-05-02,139.8
UTX,2019-05-03,141.63
UTX,2019-05-06,140.2
UTX,2019-05-07,135.44
UTX,2019-05-08,137.07
UTX,2019-05-09,136.86
UTX,2019-05-10,137.17
UTX,2019-05-13,131.96
UTX,2019-05-14,133.98
UTX,2019-05-15,133.98
UTX,2019-05-16,135.25
UTX,2019-05-17,133.75
UTX,2019-05-20,133.48
UTX,2019-05-21,136.03
UTX,2019-05-22,135.41
UTX,2019-05-23,130.45
UTX,2019-05-28,129.92
UTX,2019-05-29,129.47
UTX,2019-05-30,128.4
UTX,2019-05-31,126.3
UTX,2019-06-03,126.86
UTX,2019-06-04,129.37
UTX,2019-06-05,131.36
UTX,2019-06-06,131.67
UTX,2019-06-07,132.15
UTX,2019-06-10,128.01
UTX,2019-06-11,122.94
UTX,2019-06-12,124.07
UTX,2019-06-13,124.81
UTX,2019-06-14,125.3
UTX,2019-06-17,124.23
UTX,2019-06-18,126.62
UTX,2019-06-19,126.76
UTX,2019-06-20,130.03
UTX,2019-06-21,128.75
UTX,2019-06-24,130.18
UTX,2019-06-25,129.02
UTX,2019-06-26,127.76
UTX,2019-06-27,128.97
UTX,2019-06-28,130.2
UTX,2019-07-01,131.34
UTX,2019-07-02,131.96
UTX,2019-07-05,132.54
UTX,2019-07-08,130.87
UTX,2019-07-09,130.39
UTX,2019-07-10,130.45
UTX,2019-07-11,131.34
UTX,2019-07-12,133.72
UTX,2019-07-15,133.23
UTX,2019-07-16,133.19
UTX,2019-07-17,130.1
UTX,2019-07-18,131.3
UTX,2019-07-19,132.39
UTX,2019-07-22,132.95
UTX,2019-07-23,134.94
UTX,2019-07-24,134.25
UTX,2019-07-25,136.36
UTX,2019-07-26,135.63
UTX,2019-07-29,135.72
UTX,2019-07-30,135.3
UTX,2019-07-31,133.6
UTX,2019-08-01,131.84
UTX,2019-08-02,130.81
UTX,2019-08-05,125.75
UTX,2019-08-06,128.8
UTX,2019-08-07,129.01
UTX,2019-08-08,131.48
UTX,2019-08-09,131.24
UTX,2019-08-12,128.02
UTX,2019-08-13,128.95
UTX,2019-08-14,124.3
UTX,2019-08-15,123.74
UTX,2019-08-16,125.05
UTX,2019-08-19,126.64
UTX,2019-08-20,126.68
UTX,2019-08-21,127.33
UTX,2019-08-22,127.96
UTX,2019-08-23,123.42
UTX,2019-08-26,125.49
UTX,2019-08-27,124.57
UTX,2019-08-28,126.87
UTX,2019-08-29,129.51
UTX,2019-09-03,128.97
UTX,2019-09-04,131.05
UTX,2019-09-05,133.03
UTX,2019-09-06,133.69
UTX,2019-09-09,134.11
UTX,2019-09-10,133.91
UTX,2019-09-11,135.95
UTX,2019-09-12,137.46
UTX,2019-09-13,138.06
UTX,2019-09-16,138.08
UTX,2019-09-17,137.21
UTX,2019-09-18,137.66
UTX,2019-09-19,137.53
UTX,2019-09-20,135.57
UTX,2019-09-23,135.67
UTX,2019-09-24,135.48
UTX,2019-09-25,136.83
UTX,2019-09-26,137.53
UTX,2019-09-27,136.39
V,2019-03-20,153.75
V,2019-03-21,155.8
V,2019-03-22,153.07
V,2019-03-25,153.03
V,2019-03-26,155.3
V,2019-03-27,154.22
V,2019-03-28,154.67
V,2019-03-29,156.19
V,2019-04-01,157.26
V,2019-04-02,157.78
V,2019-04-03,158.46
V,2019-04-04,157.64
V,2019-04-05,157.65
V,2019-04-08,157.75
V,2019-04-09,157.49
V,2019-04-10,158.56
V,2019-04-11,157.86
V,2019-04-12,159.64
V,2019-04-15,160.44
V,2019-04-16,160.23
V,2019-04-17,160.44
V,2019-04-22,160.4
V,2019-04-23,161.66
V,2019-04-24,161.49
V,2019-04-25,161.02
V,2019-04-26,162.93
V,2019-04-29,164.15
V,2019-04-30,164.43
V,2019-05-01,162.79
V,2019-05-02,161.12
V,2019-05-03,162.04
V,2019-05-06,162.28
V,2019-05-07,160.21
V,2019-05-08,160.76
V,2019-05-09,159.81
V,2019-05-10,160.71
V,2019-05-13,157.33
V,2019-05-14,160.21
V,2019-05-15,162.79
V,2019-05-16,164.87
V,2019-05-17,164.09
V,2019-05-20,163.47
V,2019-05-21,163.86
V,2019-05-22,164.24
V,2019-05-23,161.51
V,2019-05-28,163.71
V,2019-05-29,162.73
V,2019-05-30,162.76
V,2019-05-31,161.33
V,2019-06-03,158.6
V,2019-06-04,162.33
V,2019-06-05,165.39
V,2019-06-06,166.92
V,2019-06-07,170.05
V,2019-06-10,170.82
V,2019-06-11,170.31
V,2019-06-12,171.59
V,2019-06-13,169.35
V,2019-06-14,169.66
V,2019-06-17,169.56
V,2019-06-18,169.28
V,2019-06-19,170.69
V,2019-06-20,173.74
V,2019-06-21,173.44
V,2019-06-24,173.85
V,2019-06-25,171.28
V,2019-06-26,171.06
V,2019-06-27,171.23
V,2019-06-28,173.55
V,2019-07-01,173.94
V,2019-07-02,175.28
V,2019-07-05,176.66
V,2019-07-08,176.19
V,2019-07-09,177.73
V,2019-07-10,179.31
V,2019-07-11,180.74
V,2019-07-12,180.33
V,2019-07-15,180.57
V,2019-07-16,179.31
V,2019-07-17,179.15
V,2019-07-18,180.53
V,2019-07-19,179.24
V,2019-07-22,180.57
V,2019-07-23,180.9
V,2019-07-24,183.33
V,2019-07-25,181.59
V,2019-07-26,183.69
V,2019-07-29,183.21
V,2019-07-30,181.53
V,2019-07-31,178
V,2019-08-01,179.17
V,2019-08-02,177.42
V,2019-08-05,168.86
V,2019-08-06,172.48
V,2019-08-07,175.32
V,2019-08-08,179.9
V,2019-08-09,179.05
V,2019-08-12,176.34
V,2019-08-13,176.34
V,2019-08-14,173.51
V,2019-08-15,176.27
V,2019-08-16,178.23
V,2019-08-19,179.74
V,2019-08-20,179.24
V,2019-08-21,180.94
V,2019-08-22,180.09
V,2019-08-23,175.23
V,2019-08-26,177.59
V,2019-08-27,178.38
V,2019-08-28,178.67
V,2019-08-29,181.17
V,2019-09-03,179.2
V,2019-09-04,181.77
V,2019-09-05,184.73
V,2019-09-06,185.74
V,2019-09-09,181.55
V,2019-09-10,176.35
V,2019-09-11,174.98
V,2019-09-12,177.98
V,2019-09-13,177.27
V,2019-09-16,176.11
V,2019-09-17,176.45
V,2019-09-18,175.29
V,2019-09-19,175.96
V,2019-09-20,174.06
V,2019-09-23,174.91
V,2019-09-24,174.48
V,2019-09-25,175.28
V,2019-09-26,175.65
V,2019-09-27,174
VZ,2019-03-20,57.67
VZ,2019-03-21,58.29
VZ,2019-03-22,59.76
VZ,2019-03-25,60.08
VZ,2019-03-26,60.63
VZ,2019-03-27,60.88
VZ,2019-03-28,59.08
VZ,2019-03-29,59.13
VZ,2019-04-01,59.09
VZ,2019-04-02,58.53
VZ,2019-04-03,58.87
VZ,2019-04-04,58.99
VZ,2019-04-05,59.09
VZ,2019-04-08,59.13
VZ,2019-04-09,58.4
VZ,2019-04-10,58.61
VZ,2019-04-11,58.56
VZ,2019-04-12,58.74
VZ,2019-04-15,58.71
VZ,2019-04-16,58.79
VZ,2019-04-17,57.78
VZ,2019-04-22,58.37
VZ,2019-04-23,57.15
VZ,2019-04-24,57.08
VZ,2019-04-25,55.85
VZ,2019-04-26,56.58
VZ,2019-04-29,56.84
VZ,2019-04-30,57.19
VZ,2019-05-01,56.52
VZ,2019-05-02,56.99
VZ,2019-05-03,57.24
VZ,2019-05-06,56.91
VZ,2019-05-07,56.63
VZ,2019-05-08,56.38
VZ,2019-05-09,56.48
VZ,2019-05-10,56.91
VZ,2019-05-13,56.75
VZ,2019-05-14,56.55
VZ,2019-05-15,56.81
VZ,2019-05-16,57.38
VZ,2019-05-17,58.09
VZ,2019-05-20,59.01
VZ,2019-05-21,59.5
VZ,2019-05-22,59.25
VZ,2019-05-23,58.87
VZ,2019-05-28,58.73
VZ,2019-05-29,58.18
VZ,2019-05-30,56.83
VZ,2019-05-31,54.35
VZ,2019-06-03,56.38
VZ,2019-06-04,56.22
VZ,2019-06-05,57.03
VZ,2019-06-06,57.54
VZ,2019-06-07,57.24
VZ,2019-06-10,56.15
VZ,2019-06-11,56.83
VZ,2019-06-12,57.36
VZ,2019-06-13,57.62
VZ,2019-06-14,58.28
VZ,2019-06-17,57.63
VZ,2019-06-18,57.33
VZ,2019-06-19,57.63
VZ,2019-06-20,57.34
VZ,2019-06-21,57.77
VZ,2019-06-24,58.27
VZ,2019-06-25,58
VZ,2019-06-26,56.99
VZ,2019-06-27,57.25
VZ,2019-06-28,57.13
VZ,2019-07-01,56.66
VZ,2019-07-02,58.13
VZ,2019-07-05,58.31
VZ,2019-07-08,57.89
VZ,2019-07-09,56.41
VZ,2019-07-10,57
VZ,2019-07-11,56.92
VZ,2019-07-12,57.19
VZ,2019-07-15,57.58
VZ,2019-07-16,57.41
VZ,2019-07-17,57.22
VZ,2019-07-18,57.21
VZ,2019-07-19,56.59
VZ,2019-07-22,55.5
VZ,2019-07-23,55.48
VZ,2019-07-24,55.97
VZ,2019-07-25,56.36
VZ,2019-07-26,57.08
VZ,2019-07-29,57.37
VZ,2019-07-30,56.63
VZ,2019-07-31,55.27
VZ,2019-08-01,55.26
VZ,2019-08-02,55.59
VZ,2019-08-05,55.22
VZ,2019-08-06,55.05
VZ,2019-08-07,55.09
VZ,2019-08-08,55.82
VZ,2019-08-09,55.78
VZ,2019-08-12,55.69
VZ,2019-08-13,56.37
VZ,2019-08-14,55.72
VZ,2019-08-15,56.3
VZ,2019-08-16,56.65
VZ,2019-08-19,57
VZ,2019-08-20,56.27
VZ,2019-08-21,56.59
VZ,2019-08-22,56.78
VZ,2019-08-23,55.92
VZ,2019-08-26,56.71
VZ,2019-08-27,57.18
VZ,2019-08-28,57.95
VZ,2019-08-29,57.94
VZ,2019-09-03,58.04
VZ,2019-09-04,58.18
VZ,2019-09-05,58.59
VZ,2019-09-06,59.06
VZ,2019-09-09,58.66
VZ,2019-09-10,59.71
VZ,2019-09-11,60.13
VZ,2019-09-12,60.43
VZ,2019-09-13,59.96
VZ,2019-09-16,59.5
VZ,2019-09-17,59.87
VZ,2019-09-18,59.93
VZ,2019-09-19,59.98
VZ,2019-09-20,60.29
VZ,2019-09-23,60.21
VZ,2019-09-24,60.51
VZ,2019-09-25,60.27
VZ,2019-09-26,60.44
VZ,2019-09-27,60.3
WBA,2019-03-20,62.79
WBA,2019-03-21,63.6
WBA,2019-03-22,62.41
WBA,2019-03-25,61.69
WBA,2019-03-26,61.92
WBA,2019-03-27,62.23
WBA,2019-03-28,62.51
WBA,2019-03-29,63.27
WBA,2019-04-01,63.49
WBA,2019-04-02,55.36
WBA,2019-04-03,54.84
WBA,2019-04-04,54.15
WBA,2019-04-05,54.69
WBA,2019-04-08,55.06
WBA,2019-04-09,54.5
WBA,2019-04-10,54.51
WBA,2019-04-11,53.44
WBA,2019-04-12,53.45
WBA,2019-04-15,54.24
WBA,2019-04-16,54.84
WBA,2019-04-17,55.14
WBA,2019-04-22,54.1
WBA,2019-04-23,53.22
WBA,2019-04-24,53.47
WBA,2019-04-25,52.68
WBA,2019-04-26,52.85
WBA,2019-04-29,53.56
WBA,2019-04-30,53.57
WBA,2019-05-01,53.68
WBA,2019-05-02,53.79
WBA,2019-05-03,54.08
WBA,2019-05-06,53.92
WBA,2019-05-07,52.94
WBA,2019-05-08,53.5
WBA,2019-05-09,53.56
WBA,2019-05-10,53.42
WBA,2019-05-13,52.12
WBA,2019-05-14,52.58
WBA,2019-05-15,52.74
WBA,2019-05-16,52.5
WBA,2019-05-17,52.27
WBA,2019-05-20,52.26
WBA,2019-05-21,52.76
WBA,2019-05-22,52.94
WBA,2019-05-23,51.61
WBA,2019-05-28,51.69
WBA,2019-05-29,51.13
WBA,2019-05-30,50.55
WBA,2019-05-31,49.34
WBA,2019-06-03,49.91
WBA,2019-06-04,51.5
WBA,2019-06-05,50.8
WBA,2019-06-06,50.98
WBA,2019-06-07,51.97
WBA,2019-06-10,52.29
WBA,2019-06-11,52.88
WBA,2019-06-12,52.12
WBA,2019-06-13,52.89
WBA,2019-06-14,52.57
WBA,2019-06-17,52.81
WBA,2019-06-18,52.8
WBA,2019-06-19,52.9
WBA,2019-06-20,52.88
WBA,2019-06-21,52.45
WBA,2019-06-24,51.95
WBA,2019-06-25,52.95
WBA,2019-06-26,52.38
WBA,2019-06-27,54.52
WBA,2019-06-28,54.67
WBA,2019-07-01,54.65
WBA,2019-07-02,54.96
WBA,2019-07-05,55.19
WBA,2019-07-08,55.43
WBA,2019-07-09,55.5
WBA,2019-07-10,55.57
WBA,2019-07-11,55.62
WBA,2019-07-12,55.74
WBA,2019-07-15,55.89
WBA,2019-07-16,55.81
WBA,2019-07-17,54.52
WBA,2019-07-18,54.82
WBA,2019-07-19,54.44
WBA,2019-07-22,53.94
WBA,2019-07-23,54.65
WBA,2019-07-24,55.2
WBA,2019-07-25,54.76
WBA,2019-07-26,55.05
WBA,2019-07-29,55.12
WBA,2019-07-30,55.4
WBA,2019-07-31,54.49
WBA,2019-08-01,54.07
WBA,2019-08-02,53.68
WBA,2019-08-05,51.87
WBA,2019-08-06,51.45
WBA,2019-08-07,52.48
WBA,2019-08-08,53.02
WBA,2019-08-09,52.79
WBA,2019-08-12,52
WBA,2019-08-13,53.07
WBA,2019-08-14,50.41
WBA,2019-08-15,49.29
WBA,2019-08-16,50.48
WBA,2019-08-19,51.16
WBA,2019-08-20,50.67
WBA,2019-08-21,50.9
WBA,2019-08-22,50.95
WBA,2019-08-23,49.32
WBA,2019-08-26,50.04
WBA,2019-08-27,49.45
WBA,2019-08-28,49.95
WBA,2019-08-29,50.4
WBA,2019-09-03,50.43
WBA,2019-09-04,51.43
WBA,2019-09-05,52.33
WBA,2019-09-06,52.56
WBA,2019-09-09,55.59
WBA,2019-09-10,56.88
WBA,2019-09-11,58.06
WBA,2019-09-12,55.56
WBA,2019-09-13,55.99
WBA,2019-09-16,55.34
WBA,2019-09-17,54.84
WBA,2019-09-18,54.41
WBA,2019-09-19,54.57
WBA,2019-09-20,55
WBA,2019-09-23,54.32
WBA,2019-09-24,53.63
WBA,2019-09-25,54.36
WBA,2019-09-26,54.08
WBA,2019-09-27,54.41
WMT,2019-03-20,98.64
WMT,2019-03-21,99.06
WMT,2019-03-22,98.28
WMT,2019-03-25,98.17
WMT,2019-03-26,98.32
WMT,2019-03-27,97.21
WMT,2019-03-28,97.13
WMT,2019-03-29,97.53
WMT,2019-04-01,97.82
WMT,2019-04-02,96.94
WMT,2019-04-03,97.19
WMT,2019-04-04,98.11
WMT,2019-04-05,98.83
WMT,2019-04-08,99.23
WMT,2019-04-09,98.69
WMT,2019-04-10,99.6
WMT,2019-04-11,100.8
WMT,2019-04-12,101.56
WMT,2019-04-15,102.43
WMT,2019-04-16,102.93
WMT,2019-04-17,103.16
WMT,2019-04-22,102.37
WMT,2019-04-23,103.07
WMT,2019-04-24,103.53
WMT,2019-04-25,103.52
WMT,2019-04-26,101.53
WMT,2019-04-29,101.56
WMT,2019-04-30,102.84
WMT,2019-05-01,101.36
WMT,2019-05-02,101.15
WMT,2019-05-03,102.08
WMT,2019-05-06,102.46
WMT,2019-05-07,101.3
WMT,2019-05-08,100.3
WMT,2019-05-09,99.54
WMT,2019-05-10,101.91
WMT,2019-05-13,99.89
WMT,2019-05-14,100.29
WMT,2019-05-15,99.88
WMT,2019-05-16,101.31
WMT,2019-05-17,100.86
WMT,2019-05-20,101.52
WMT,2019-05-21,101.12
WMT,2019-05-22,102.23
WMT,2019-05-23,101.86
WMT,2019-05-28,102.42
WMT,2019-05-29,102.12
WMT,2019-05-30,102.19
WMT,2019-05-31,101.44
WMT,2019-06-03,101.96
WMT,2019-06-04,102.56
WMT,2019-06-05,104.42
WMT,2019-06-06,105.11
WMT,2019-06-07,106.06
WMT,2019-06-10,107.52
WMT,2019-06-11,107.94
WMT,2019-06-12,108.82
WMT,2019-06-13,108.65
WMT,2019-06-14,109.07
WMT,2019-06-17,109.16
WMT,2019-06-18,109.65
WMT,2019-06-19,109.62
WMT,2019-06-20,110.32
WMT,2019-06-21,111.13
WMT,2019-06-24,111.24
WMT,2019-06-25,110.72
WMT,2019-06-26,110.16
WMT,2019-06-27,110.1
WMT,2019-06-28,110.49
WMT,2019-07-01,110.62
WMT,2019-07-02,111.6
WMT,2019-07-05,111.98
WMT,2019-07-08,112.72
WMT,2019-07-09,112.88
WMT,2019-07-10,112.98
WMT,2019-07-11,113.92
WMT,2019-07-12,114.6
WMT,2019-07-15,114.98
WMT,2019-07-16,114.76
WMT,2019-07-17,114.6
WMT,2019-07-18,114.72
WMT,2019-07-19,113.9
WMT,2019-07-22,112.82
WMT,2019-07-23,112.09
WMT,2019-07-24,112
WMT,2019-07-25,112.22
WMT,2019-07-26,113.02
WMT,2019-07-29,112.27
WMT,2019-07-30,112.06
WMT,2019-07-31,110.38
WMT,2019-08-01,109.38
WMT,2019-08-02,109.4
WMT,2019-08-05,105.82
WMT,2019-08-06,107.27
WMT,2019-08-07,108.2
WMT,2019-08-08,108.52
WMT,2019-08-09,107.28
WMT,2019-08-12,105.12
WMT,2019-08-13,107.41
WMT,2019-08-14,106.2
WMT,2019-08-15,112.69
WMT,2019-08-16,112.99
WMT,2019-08-19,113.81
WMT,2019-08-20,112.05
WMT,2019-08-21,112.02
WMT,2019-08-22,111.91
WMT,2019-08-23,110.83
WMT,2019-08-26,111.99
WMT,2019-08-27,112.42
WMT,2019-08-28,112.72
WMT,2019-08-29,114.08
WMT,2019-09-03,114.64
WMT,2019-09-04,115.91
WMT,2019-09-05,115.44
WMT,2019-09-06,114.73
WMT,2019-09-09,116.33
WMT,2019-09-10,116.05
WMT,2019-09-11,116.02
WMT,2019-09-12,116.92
WMT,2019-09-13,117.43
WMT,2019-09-16,115.57
WMT,2019-09-17,116.51
WMT,2019-09-18,117.16
WMT,2019-09-19,117.11
WMT,2019-09-20,116.98
WMT,2019-09-23,117.62
WMT,2019-09-24,118.4
WMT,2019-09-25,118.47
WMT,2019-09-26,118.3
WMT,2019-09-27,118.45
XOM,2019-03-20,81.32
XOM,2019-03-21,81.79
XOM,2019-03-22,80.48
XOM,2019-03-25,79.92
XOM,2019-03-26,80.96
XOM,2019-03-27,80.34
XOM,2019-03-28,80.74
XOM,2019-03-29,80.8
XOM,2019-04-01,81.73
XOM,2019-04-02,81.38
XOM,2019-04-03,80.9
XOM,2019-04-04,82.05
XOM,2019-04-05,82.49
XOM,2019-04-08,83
XOM,2019-04-09,81.93
XOM,2019-04-10,81.56
XOM,2019-04-11,81.95
XOM,2019-04-12,80.92
XOM,2019-04-15,80.65
XOM,2019-04-16,81.2
XOM,2019-04-17,81.43
XOM,2019-04-22,82.9
XOM,2019-04-23,83.38
XOM,2019-04-24,81.76
XOM,2019-04-25,82.22
XOM,2019-04-26,80.49
XOM,2019-04-29,79.97
XOM,2019-04-30,80.28
XOM,2019-05-01,78.67
XOM,2019-05-02,77.29
XOM,2019-05-03,77.47
XOM,2019-05-06,77.13
XOM,2019-05-07,76.72
XOM,2019-05-08,76.84
XOM,2019-05-09,76.77
XOM,2019-05-10,76.56
XOM,2019-05-13,75.71
XOM,2019-05-14,75.81
XOM,2019-05-15,76.37
XOM,2019-05-16,76.36
XOM,2019-05-17,75.91
XOM,2019-05-20,75.9
XOM,2019-05-21,76.25
XOM,2019-05-22,75.56
XOM,2019-05-23,73.79
XOM,2019-05-28,72.61
XOM,2019-05-29,72.16
XOM,2019-05-30,71.97
XOM,2019-05-31,70.77
XOM,2019-06-03,71.88
XOM,2019-06-04,73.59
XOM,2019-06-05,72.98
XOM,2019-06-06,74.31
XOM,2019-06-07,74.58
XOM,2019-06-10,74.91
XOM,2019-06-11,74.84
XOM,2019-06-12,74.03
XOM,2019-06-13,74.68
XOM,2019-06-14,74.35
XOM,2019-06-17,75.09
XOM,2019-06-18,75.74
XOM,2019-06-19,75.32
XOM,2019-06-20,76.61
XOM,2019-06-21,77.69
XOM,2019-06-24,76.95
XOM,2019-06-25,76.27
XOM,2019-06-26,76.6
XOM,2019-06-27,75.82
XOM,2019-06-28,76.63
XOM,2019-07-01,76.56
XOM,2019-07-02,75.72
XOM,2019-07-05,76.13
XOM,2019-07-08,76.48
XOM,2019-07-09,76.43
XOM,2019-07-10,77.51
XOM,2019-07-11,77.57
XOM,2019-07-12,77.63
XOM,2019-07-15,77.08
XOM,2019-07-16,75.93
XOM,2019-07-17,75.48
XOM,2019-07-18,74.84
XOM,2019-07-19,74.99
XOM,2019-07-22,75.07
XOM,2019-07-23,75.37
XOM,2019-07-24,75.36
XOM,2019-07-25,74.93
XOM,2019-07-26,74.81
XOM,2019-07-29,75.34
XOM,2019-07-30,75.35
XOM,2019-07-31,74.36
XOM,2019-08-01,72.46
XOM,2019-08-02,71.75
XOM,2019-08-05,70.28
XOM,2019-08-06,70.96
XOM,2019-08-07,70.5
XOM,2019-08-08,72.38
XOM,2019-08-09,70.84
XOM,2019-08-12,69.63
XOM,2019-08-13,70.49
XOM,2019-08-14,67.65
XOM,2019-08-15,67.25
XOM,2019-08-16,68.3
XOM,2019-08-19,69.45
XOM,2019-08-20,69.03
XOM,2019-08-21,69.72
XOM,2019-08-22,69.57
XOM,2019-08-23,67.49
XOM,2019-08-26,67.85
XOM,2019-08-27,67.19
XOM,2019-08-28,67.68
XOM,2019-08-29,68.43
XOM,2019-09-03,68.56
XOM,2019-09-04,69.29
XOM,2019-09-05,70.27
XOM,2019-09-06,70.93
XOM,2019-09-09,71.49
XOM,2019-09-10,72.07
XOM,2019-09-11,71.93
XOM,2019-09-12,71.98
XOM,2019-09-13,72.64
XOM,2019-09-16,73.73
XOM,2019-09-17,73.17
XOM,2019-09-18,72.82
XOM,2019-09-19,72.33
XOM,2019-09-20,72.08
XOM,2019-09-23,72.13
XOM,2019-09-24,71.14
XOM,2019-09-25,71.35
XOM,2019-09-26,70.97
XOM,2019-09-27,71.48